{"stats":{"minecraft:dropped":{"minecraft:spruce_sign":23,"minecraft:brown_mushroom":12,"minecraft:porkchop":4,"minecraft:cooked_beef":4,"minecraft:golden_pickaxe":1,"minecraft:cooked_porkchop":4,"minecraft:crossbow":1,"minecraft:lantern":2,"artifacts:cloud_in_a_bottle":1,"minecraft:leather":2,"minecraft:rail":5,"minecraft:cod":7,"minecraft:flint":3,"minecraft:emerald":2,"minecraft:gold_block":2,"minecraft:dark_oak_fence":2,"minecraft:snowball":5,"minecraft:axolotl_bucket":1,"minecraft:iron_pickaxe":1,"minecraft:gold_ingot":6,"minecraft:bone":4,"minecraft:armor_stand":1,"minecraft:gravel":2,"minecraft:stone_axe":2,"minecraft:sugar_cane":3,"minecraft:cobbled_deepslate":1,"pneumaticcraft:transistor":1,"minecraft:soul_lantern":1,"minecraft:rotten_flesh":9,"minecraft:cooked_mutton":2,"minecraft:white_bed":2,"biomesoplenty:glowing_moss_block":7,"biomesoplenty:white_petals":7,"minecraft:charcoal":3,"minecraft:beetroot_seeds":3,"minecraft:chest":4,"farmersdelight:rope":10,"minecraft:beef":1,"minecraft:polished_granite":2,"minecraft:dead_tube_coral_block":4,"minecraft:bread":23,"minecraft:wheat_seeds":7,"minecraft:feather":1,"minecraft:cobblestone":4,"minecraft:apple":1,"pneumaticcraft:compressed_stone":9,"minecraft:spruce_stairs":2,"minecraft:coal":3,"minecraft:stick":1,"pneumaticcraft:pressure_tube":8,"biomesoplenty:snowblossom_sapling":11,"minecraft:diorite":1,"minecraft:ink_sac":3,"minecraft:torch":29,"aquaculture:atlantic_herring":1,"farmersdelight:organic_compost":2,"tombstone:grave_dust":12,"minecraft:pumpkin":2,"minecraft:flowering_azalea":1,"minecraft:iron_axe":1,"biomesoplenty:glowshroom":3,"minecraft:string":2,"minecraft:spruce_sapling":4,"minecraft:redstone":43,"pneumaticcraft:pneumatic_cylinder":6,"minecraft:raw_copper":35,"minecraft:raw_iron":33,"pneumaticcraft:ingot_iron_compressed":1,"alexsmobs:bear_fur":1,"minecraft:pumpkin_seeds":1,"minecraft:blast_furnace":1,"biomesoplenty:dead_sapling":3,"minecraft:cobblestone_slab":1,"minecraft:potato":1,"minecraft:shield":2,"minecraft:flower_pot":1,"minecraft:sea_pickle":3,"minecraft:allium":1,"minecraft:spruce_trapdoor":2,"minecraft:iron_chestplate":1,"minecraft:mossy_stone_bricks":2,"minecraft:oak_sapling":3,"artifacts:eternal_steak":2,"minecraft:stone_bricks":1,"minecraft:spider_eye":1,"minecraft:barrel":7,"minecraft:stone_pickaxe":3,"minecraft:wooden_pickaxe":1,"tombstone:tablet_of_cupidity":1},"minecraft:custom":{"minecraft:interact_with_crafting_table":63,"minecraft:open_barrel":19,"minecraft:bell_ring":1,"minecraft:leave_game":3,"minecraft:time_since_death":48214,"minecraft:sprint_one_cm":838679,"minecraft:damage_blocked_by_shield":3525,"minecraft:drop":333,"minecraft:talked_to_villager":21,"minecraft:play_time":449445,"minecraft:deaths":17,"minecraft:jump":5931,"minecraft:walk_on_water_one_cm":47868,"minecraft:interact_with_furnace":56,"minecraft:sleep_in_bed":18,"minecraft:damage_dealt":14673,"minecraft:crouch_one_cm":57348,"tombstone:undead_killed":28,"minecraft:interact_with_smoker":3,"minecraft:interact_with_anvil":1,"minecraft:mob_kills":89,"minecraft:interact_with_campfire":16,"minecraft:damage_dealt_resisted":76,"minecraft:climb_one_cm":2645,"minecraft:walk_one_cm":1644651,"minecraft:damage_dealt_absorbed":174,"minecraft:sneak_time":13293,"minecraft:walk_under_water_one_cm":58328,"minecraft:boat_one_cm":230915,"minecraft:interact_with_blast_furnace":15,"minecraft:total_world_time":449445,"spartanshields:shield_bash_hits":8,"tombstone:raider_killed":12,"minecraft:time_since_rest":47607,"minecraft:damage_absorbed":24,"minecraft:damage_taken":11865,"minecraft:swim_one_cm":134745,"minecraft:fly_one_cm":1416331,"minecraft:open_chest":336,"minecraft:fall_one_cm":220395},"minecraft:picked_up":{"minecolonies:supplycampdeployer":1,"minecraft:iron_chestplate":1,"minecraft:wheat":6,"minecraft:flower_pot":1,"biomesoplenty:dead_boat":1,"minecraft:golden_shovel":2,"pneumaticcraft:reinforced_chest":21,"biomesoplenty:rainbow_birch_sapling":6,"minecraft:raw_copper":70,"minecraft:dead_tube_coral_block":2,"minecraft:string":69,"minecraft:armor_stand":1,"pneumaticcraft:gun_ammo_explosive":1,"minecraft:activator_rail":4,"minecraft:sea_pickle":5,"biomesoplenty:dead_sapling":12,"minecraft:gold_nugget":10,"minecraft:cobbled_deepslate":188,"minecraft:spruce_planks":1180,"minecraft:cobblestone_slab":1,"pneumaticcraft:dispenser_upgrade":2,"farmersdelight:cabbage_seeds":16,"minecraft:furnace":4,"minecraft:stick":26,"minecraft:torch":89,"minecraft:spruce_stairs":2,"minecraft:porkchop":20,"minecraft:lightning_rod":1,"tombstone:grave_dust":19,"minecraft:diorite":14,"tombstone:tablet_of_cupidity":2,"pneumaticcraft:pressure_tube":28,"minecraft:rotten_flesh":40,"minecraft:tropical_fish":1,"farmersdelight:rope":44,"tombstone:scroll_of_aquatic_life":1,"biomesoplenty:white_petals":14,"minecraft:cod":14,"minecraft:snowball":10,"minecraft:cobblestone":353,"minecraft:birch_log":4,"farmersdelight:rice":1,"minecraft:feather":2,"minecraft:cooked_beef":6,"minecraft:cherry_planks":92,"minecraft:andesite":37,"minecraft:potato":7,"biomesoplenty:glowshroom":9,"minecraft:smoker":2,"alexsmobs:bear_fur":3,"biomesoplenty:dead_log":91,"biomesoplenty:fir_log":4,"paraglider:spirit_orb":6,"minecraft:flint":11,"pneumaticcraft:air_compressor":2,"pneumaticcraft:display_table":4,"minecraft:dirt":235,"minecraft:lantern":2,"minecraft:polished_granite":2,"minecraft:name_tag":3,"biomesoplenty:snowblossom_sapling":23,"minecraft:bone":16,"minecraft:chipped_anvil":6,"minecraft:wheat_seeds":12,"minecraft:raw_gold":9,"minecraft:mossy_stone_bricks":2,"pneumaticcraft:omnidirectional_hopper":2,"minecraft:oak_planks":6,"aquaculture:atlantic_herring":1,"minecraft:cooked_porkchop":4,"minecraft:music_disc_13":1,"minecraft:sand":127,"minecraft:ink_sac":6,"minecraft:grass_block":20,"minecraft:barrel":13,"minecraft:diamond":2,"pneumaticcraft:aphorism_tile":8,"minecraft:soul_lantern":1,"tombstone:tablet_of_recall":1,"minecraft:crossbow":1,"minecraft:granite":1,"minecraft:bone_meal":1,"minecraft:golden_apple":3,"biomesoplenty:dead_fence":1,"minecraft:spruce_sign":12,"minecraft:emerald":17,"minecraft:bread":16,"minecraft:oak_sapling":5,"minecraft:dark_oak_fence":3,"minecraft:charcoal":7,"minecraft:crafting_table":11,"pneumaticcraft:programming_puzzle":4,"minecraft:allium":1,"minecolonies:scroll_buff":8,"minecraft:chest_minecart":2,"minecraft:golden_pickaxe":3,"minecraft:brown_mushroom":12,"minecraft:gold_block":10,"minecraft:shield":1,"minecraft:iron_axe":1,"pneumaticcraft:compressed_stone":44,"minecraft:item_frame":5,"artifacts:fire_gauntlet":1,"minecraft:detector_rail":2,"minecraft:candle":2,"minecolonies:compost":6,"minecraft:beef":5,"minecraft:iron_nugget":54,"minecraft:spruce_slab":2,"minecraft:sugar_cane":17,"minecraft:chest":31,"minecraft:spruce_trapdoor":2,"minecraft:raw_iron":108,"pneumaticcraft:pneumatic_wrench":2,"minecraft:fire_charge":1,"pneumaticcraft:gun_ammo_weighted":1,"farmersdelight:tomato_seeds":6,"minecraft:redstone":104,"artifacts:everlasting_beef":1,"minecraft:arrow":53,"minecraft:beetroot_seeds":5,"minecraft:pumpkin_pie":7,"minecraft:hay_block":27,"pneumaticcraft:charging_station":2,"minecraft:gold_ingot":20,"sophisticatedbackpacks:copper_backpack":1,"minecraft:mutton":7,"minecraft:white_wool":8,"minecraft:rail":42,"pneumaticcraft:spawner_agitator":1,"artifacts:eternal_steak":2,"minecraft:leather":14,"pneumaticcraft:logistics_core":2,"biomesoplenty:dead_stairs":94,"minecraft:filled_map":1,"pneumaticcraft:compressed_iron_chestplate":1,"minecraft:oak_log":5,"minecraft:gunpowder":5,"artifacts:cloud_in_a_bottle":2,"farmersdelight:skillet":2,"tombstone:voodoo_poppet":2,"minecraft:blue_bed":2,"minecraft:paper":9,"farmersdelight:organic_compost":3,"minecraft:cooked_mutton":3,"pneumaticcraft:pneumatic_cylinder":9,"minecraft:apple":13,"minecraft:stone_bricks":1,"minecraft:iron_ingot":12,"minecraft:stone_pickaxe":2,"tombstone:bag_of_seeds":1,"aquaculture:minnow":1,"minecraft:flowering_azalea":1,"minecraft:pumpkin":4,"pneumaticcraft:transistor":2,"pneumaticcraft:ingot_iron_compressed":10,"minecraft:gravel":8,"biomesoplenty:dead_planks":185,"minecraft:spruce_sapling":22,"minecraft:blast_furnace":9,"minecraft:white_bed":7,"minecraft:spruce_log":69,"biomesoplenty:glowing_moss_block":14,"minecraft:spider_eye":8,"minecraft:pumpkin_seeds":6,"minecraft:purple_bed":9,"tombstone:scroll_of_knowledge":1,"minecraft:stone_axe":1,"pneumaticcraft:vortex_cannon":1,"tombstone:magic_scroll":3,"minecraft:melon_seeds":2,"farmersdelight:stove":1,"minecraft:coal":114},"minecraft:broken":{"minecraft:golden_shovel":2,"minecraft:iron_leggings":1,"minecraft:stone_axe":2,"minecraft:stone_shovel":1,"minecraft:stone_sword":1,"minecraft:shield":1,"minecraft:iron_axe":2,"minecraft:iron_pickaxe":1},"minecraft:mined":{"biomesoplenty:glowshroom":2,"minecraft:spruce_planks":440,"minecraft:white_bed":5,"connectedglass:borderless_glass":3,"pneumaticcraft:reinforced_chest":23,"minecraft:spruce_trapdoor":2,"minecraft:granite":7,"biomesoplenty:dead_leaves":27,"minecraft:grass_block":131,"minecraft:spawner":3,"diagonalfences:biomesoplenty/dead_fence":1,"biomesoplenty:stripped_dead_log":1,"minecraft:iron_ore":47,"minecraft:cobbled_deepslate":3,"minecraft:barrel":9,"minecraft:pumpkin":2,"biomesoplenty:glowshroom_block":2,"minecraft:spruce_slab":2,"minecraft:tripwire":3,"minecraft:brown_mushroom":1,"farmersdelight:organic_compost":1,"biomesoplenty:glowworm_silk":1,"minecraft:smoker":2,"minecraft:powder_snow":81,"minecraft:torch":11,"minecraft:blast_furnace":8,"minecraft:chest":28,"farmersdelight:brown_mushroom_colony":1,"minecraft:mushroom_stem":2,"minecraft:cobblestone":5,"minecraft:sugar_cane":2,"minecraft:oak_planks":1,"minecraft:wall_torch":14,"biomesoplenty:glowworm_silk_strand":1,"minecraft:birch_log":4,"biomesoplenty:fir_log":4,"minecraft:grass":73,"biomesoplenty:dead_log":91,"minecraft:oak_log":5,"minecraft:sand":131,"minecraft:dirt":131,"minecraft:deepslate":20,"biomesoplenty:glowing_moss_block":7,"minecraft:mossy_cobblestone":2,"minecraft:deepslate_diamond_ore":2,"minecraft:candle":1,"biomesoplenty:desert_grass":1,"pneumaticcraft:pressure_tube":4,"minecraft:dark_oak_fence":4,"biomesoplenty:white_petals":5,"minecraft:spruce_leaves":19,"biomesoplenty:dead_grass":3,"minecraft:large_fern":2,"minecraft:hay_block":27,"pneumaticcraft:compressed_stone":1,"minecraft:redstone_ore":9,"minecraft:furnace":5,"minecraft:snow":5,"pneumaticcraft:display_table":4,"minecraft:andesite":15,"minecraft:gold_block":8,"biomesoplenty:rainbow_birch_leaves":2,"minecraft:deepslate_iron_ore":17,"minecraft:cobblestone_slab":1,"minecraft:packed_ice":9,"minecraft:stone":308,"minecraft:potted_allium":1,"pneumaticcraft:charging_station":2,"minecraft:cherry_planks":16,"pneumaticcraft:air_compressor":2,"minecraft:polished_granite":1,"minecraft:crafting_table":12,"minecraft:emerald_ore":2,"biomesoplenty:snowblossom_leaves":4,"biomesoplenty:dead_stairs":94,"minecraft:campfire":1,"minecraft:lightning_rod":1,"minecraft:tall_grass":2,"minecraft:copper_ore":10,"minecraft:deepslate_gold_ore":5,"pneumaticcraft:aphorism_tile":8,"minecraft:diorite":17,"minecraft:blue_bed":2,"minecraft:spruce_stairs":1,"minecraft:purple_bed":9,"farmersdelight:skillet":1,"biomesoplenty:snowblossom_sapling":2,"minecraft:sea_pickle":2,"minecraft:ice":1,"minecraft:spruce_log":69,"pneumaticcraft:omnidirectional_hopper":2,"minecraft:coal_ore":44,"minecraft:gravel":6,"minecraft:cobweb":31,"farmersdelight:stove":1,"biomesoplenty:dead_planks":18,"minecraft:stone_bricks":1,"minecraft:mossy_stone_bricks":1,"minecraft:chipped_anvil":6,"minecraft:fern":7},"minecraft:crafted":{"minecraft:brick":48,"minecraft:oak_planks":20,"minecraft:lightning_rod":4,"connectedglass:borderless_glass":92,"minecraft:cooked_mutton":4,"minecraft:glass":94,"minecraft:chest":18,"structurize:sceptergold":1,"biomesoplenty:dead_fence_gate":1,"minecraft:bricks":4,"minecolonies:supplychestdeployer":1,"minecolonies:barrel_block":1,"minecraft:smoker":3,"farmersdelight:stove":1,"minecolonies:blockhutblacksmith":1,"minecraft:item_frame":6,"minecraft:crafting_table":3,"minecraft:spruce_planks":304,"farmersdelight:iron_knife":1,"minecraft:wooden_pickaxe":1,"minecraft:copper_ingot":16,"biomesoplenty:dead_boat":6,"minecraft:birch_planks":16,"minecraft:campfire":1,"farmersdelight:skillet":1,"minecraft:iron_chestplate":1,"minecraft:shield":3,"minecraft:stick":114,"minecraft:iron_ingot":21,"minecraft:iron_pickaxe":3,"minecraft:stone_sword":1,"minecraft:gold_ingot":18,"artifacts:eternal_steak":1,"minecraft:stone_shovel":2,"minecraft:furnace":6,"biomesoplenty:dead_fence":21,"biomesoplenty:dead_stairs":76,"minecraft:iron_axe":2,"minecraft:spruce_slab":12,"minecraft:stone_pickaxe":1,"biomesoplenty:dead_door":3,"minecraft:wheat":63,"minecraft:cooked_beef":4,"biomesoplenty:dead_planks":252,"minecraft:iron_sword":1,"minecraft:bucket":2,"minecraft:stone_axe":3,"minecraft:bread":21,"simplyswords:iron_greathammer":1,"minecraft:air":0,"minecraft:iron_leggings":1,"minecraft:white_bed":2,"minecraft:torch":152},"minecraft:killed_by":{"minecraft:creeper":1,"alexsmobs:tusklin":1,"artifacts:mimic":1,"minecraft:zombie":2,"alexsmobs:grizzly_bear":1,"minecraft:spider":2,"alexsmobs:bald_eagle":1,"minecraft:skeleton":8},"minecraft:used":{"biomesoplenty:dead_fence":20,"biomesoplenty:dead_fence_gate":1,"minecraft:spruce_slab":10,"minecraft:chest":40,"farmersdelight:stove":2,"minecraft:shield":74,"minecraft:iron_sword":5,"minecraft:iron_chestplate":1,"pneumaticcraft:compressed_stone":1,"minecraft:snowball":5,"minecolonies:barrel_block":1,"minecraft:grass_block":7,"biomesoplenty:white_petals":7,"minecraft:item_frame":11,"minecraft:furnace":7,"minecraft:diorite":9,"minecraft:stone_pickaxe":121,"minecraft:oak_planks":2,"minecraft:wooden_pickaxe":14,"artifacts:eternal_steak":75,"minecraft:sugar_cane":12,"minecraft:blue_bed":2,"minecraft:diamond_axe":31,"farmersdelight:organic_compost":1,"minecraft:white_wool":2,"minecraft:golden_apple":1,"minecraft:golden_hoe":20,"minecraft:sand":13,"minecraft:blast_furnace":4,"minecraft:crossbow":2,"biomesoplenty:dead_planks":106,"minecraft:lightning_rod":5,"simplyswords:iron_greathammer":176,"minecraft:firework_rocket":4,"minecraft:bread":5,"minecraft:string":3,"minecraft:gravel":4,"pneumaticcraft:aphorism_tile":6,"biomesoplenty:dead_door":3,"minecraft:andesite":19,"minecraft:stone_sword":141,"minecraft:armor_stand":2,"minecraft:stone_shovel":173,"minecraft:spruce_planks":1439,"biomesoplenty:glowshroom":3,"pneumaticcraft:reinforced_chest":21,"minecraft:torch":204,"minecraft:dirt":334,"minecraft:golden_shovel":64,"biomesoplenty:snowblossom_sapling":2,"biomesoplenty:dead_boat":1,"minecraft:chipped_anvil":6,"minecraft:iron_axe":500,"biomesoplenty:dead_stairs":157,"connectedglass:borderless_glass":87,"artifacts:everlasting_beef":1,"tombstone:gift":9,"minecraft:cooked_beef":6,"minecraft:cobbled_deepslate":17,"biomesoplenty:dead_log":10,"minecraft:iron_leggings":1,"minecraft:cooked_mutton":5,"minecraft:water_bucket":70,"farmersdelight:skillet":2,"minecraft:birch_planks":1,"minecraft:bundle":1,"minecraft:cherry_planks":16,"minecraft:crafting_table":13,"minecraft:white_bed":7,"minecraft:smoker":5,"tombstone:bag_of_seeds":1,"minecraft:apple":11,"minecraft:iron_pickaxe":483,"minecraft:spruce_sapling":13,"minecraft:stone_axe":293,"minecraft:cobblestone":38,"minecraft:purple_bed":9,"minecraft:bucket":72,"alexsmobs:animal_dictionary":1,"minecraft:sea_pickle":2,"biomesoplenty:fir_log":4,"structurize:sceptergold":1,"biomesoplenty:dead_sapling":9},"minecraft:killed":{"minecraft:cave_spider":4,"minecraft:spider":13,"minecraft:skeleton":9,"minecraft:fox":1,"artifacts:mimic":1,"minecraft:pig":10,"minecraft:sheep":4,"minecraft:pillager":9,"minecraft:zombie":19,"minecraft:cow":8,"minecraft:vindicator":1,"creeperoverhaul:snowy_creeper":2,"minecraft:squid":1,"alexsmobs:crow":1}},"DataVersion":3465}