{"stats":{"minecraft:dropped":{"biomesoplenty:umbran_planks":3,"minecraft:spruce_sign":26,"minecraft:candle":3,"minecraft:brown_mushroom":12,"minecraft:porkchop":4,"minecraft:cooked_beef":4,"minecraft:golden_pickaxe":1,"minecraft:cooked_porkchop":4,"minecraft:crossbow":1,"minecraft:lantern":2,"artifacts:cloud_in_a_bottle":1,"minecraft:leather":2,"minecraft:red_carpet":22,"minecraft:rail":5,"paraglider:spirit_orb":1,"farmersdelight:rice":2,"minecraft:cod":13,"minecraft:flint":3,"minecraft:emerald":2,"minecraft:gold_block":2,"minecraft:stripped_warped_hyphae":2,"minecraft:dark_oak_log":1,"minecraft:dark_oak_fence":3,"minecraft:yellow_dye":1,"minecraft:snowball":5,"minecraft:gold_nugget":9,"minecraft:axolotl_bucket":1,"minecraft:iron_pickaxe":2,"minecraft:gold_ingot":6,"minecraft:bone":4,"minecraft:armor_stand":1,"minecraft:gravel":2,"minecraft:stone_axe":2,"minecraft:sugar_cane":3,"minecraft:iron_nugget":15,"minecraft:cobbled_deepslate":3,"pneumaticcraft:transistor":1,"biomesoplenty:rainbow_birch_sapling":6,"minecraft:soul_lantern":1,"minecraft:rotten_flesh":17,"minecraft:fern":2,"minecraft:warped_planks":3,"minecraft:cooked_mutton":2,"minecraft:white_bed":2,"biomesoplenty:glowing_moss_block":7,"biomesoplenty:white_petals":7,"minecraft:charcoal":3,"minecraft:beetroot_seeds":3,"minecraft:ladder":1,"minecraft:chest":5,"farmersdelight:rope":10,"minecraft:iron_bars":5,"minecraft:beef":1,"minecraft:polished_granite":2,"minecraft:dead_tube_coral_block":4,"minecraft:bread":23,"minecraft:wheat_seeds":7,"minecraft:cobbled_deepslate_stairs":2,"minecraft:feather":1,"minecraft:cobblestone":7,"minecraft:apple":1,"pneumaticcraft:compressed_stone":9,"minecraft:yellow_carpet":11,"minecraft:spruce_stairs":2,"minecraft:coal":3,"minecraft:stick":6,"pneumaticcraft:pressure_tube":8,"biomesoplenty:snowblossom_sapling":11,"minecraft:diorite":1,"minecraft:ink_sac":3,"minecraft:torch":29,"aquaculture:atlantic_herring":1,"farmersdelight:organic_compost":2,"minecraft:map":2,"tombstone:grave_dust":12,"minecraft:pumpkin":2,"minecraft:flowering_azalea":1,"minecraft:iron_axe":1,"biomesoplenty:glowshroom":3,"minecraft:paper":18,"minecraft:string":2,"minecraft:spruce_sapling":14,"minecraft:redstone":43,"pneumaticcraft:pneumatic_cylinder":6,"minecraft:raw_copper":37,"minecraft:bowl":1,"minecraft:tuff":8,"farmersdelight:cabbage_seeds":5,"minecraft:raw_iron":35,"minecraft:smoker":1,"pneumaticcraft:ingot_iron_compressed":1,"alexsmobs:bear_fur":1,"minecraft:pumpkin_seeds":1,"minecraft:blast_furnace":2,"biomesoplenty:dead_sapling":3,"minecraft:cobblestone_slab":1,"minecraft:potato":1,"minecraft:stone":1,"minecraft:shield":2,"minecraft:flower_pot":2,"minecraft:sea_pickle":3,"minecraft:allium":1,"minecraft:spruce_trapdoor":4,"minecraft:iron_chestplate":1,"minecraft:mossy_stone_bricks":2,"minecraft:andesite_stairs":1,"minecraft:oak_sapling":7,"artifacts:eternal_steak":2,"minecraft:stone_bricks":11,"minecraft:spider_eye":1,"minecraft:barrel":7,"minecraft:stone_pickaxe":3,"minecraft:wooden_pickaxe":1,"simplyswords:iron_greathammer":2,"tombstone:tablet_of_cupidity":1},"minecraft:custom":{"minecraft:interact_with_crafting_table":81,"minecraft:open_barrel":36,"minecraft:bell_ring":1,"minecraft:leave_game":4,"minecraft:time_since_death":3718,"minecraft:sprint_one_cm":995850,"minecraft:damage_blocked_by_shield":6525,"minecraft:drop":450,"minecraft:talked_to_villager":22,"minecraft:play_time":565662,"minecraft:deaths":42,"minecraft:jump":6746,"minecraft:walk_on_water_one_cm":91365,"minecraft:interact_with_furnace":63,"minecraft:interact_with_cartography_table":1,"minecraft:interact_with_loom":1,"minecraft:sleep_in_bed":22,"tombstone:sneak_grave":1,"minecraft:damage_dealt":20624,"minecraft:player_kills":2,"minecraft:crouch_one_cm":57761,"tombstone:undead_killed":30,"tombstone:villager_killed":1,"minecraft:interact_with_smoker":4,"minecraft:interact_with_smithing_table":1,"minecraft:interact_with_anvil":1,"minecraft:mob_kills":125,"minecraft:interact_with_campfire":16,"minecraft:damage_dealt_resisted":76,"minecraft:climb_one_cm":3008,"minecraft:walk_one_cm":2026189,"minecraft:damage_dealt_absorbed":174,"minecraft:sneak_time":13584,"minecraft:walk_under_water_one_cm":71126,"minecraft:boat_one_cm":230915,"minecraft:interact_with_blast_furnace":24,"minecraft:total_world_time":565662,"spartanshields:shield_bash_hits":15,"tombstone:raider_killed":35,"minecraft:time_since_rest":3511,"minecraft:damage_absorbed":24,"minecraft:damage_taken":21064,"minecraft:swim_one_cm":175287,"minecraft:fly_one_cm":1747584,"minecraft:open_chest":524,"minecraft:fish_caught":8,"minecraft:fall_one_cm":244749},"minecraft:picked_up":{"minecolonies:supplycampdeployer":1,"minecraft:iron_chestplate":1,"minecraft:wheat":6,"minecraft:anvil":1,"minecraft:flower_pot":2,"biomesoplenty:dead_boat":1,"minecraft:smithing_table":1,"minecraft:lead":2,"minecraft:enchanted_book":3,"minecraft:golden_shovel":2,"pneumaticcraft:reinforced_chest":21,"minecraft:brewing_stand":1,"biomesoplenty:rainbow_birch_sapling":6,"minecraft:soul_soil":1,"minecraft:raw_copper":70,"minecraft:dead_tube_coral_block":2,"minecraft:string":69,"minecraft:sticky_piston":1,"minecraft:smooth_stone_slab":1,"minecraft:iron_leggings":1,"minecraft:armor_stand":2,"pneumaticcraft:gun_ammo_explosive":1,"minecraft:activator_rail":4,"minecraft:sea_pickle":5,"biomesoplenty:dead_sapling":12,"minecraft:gold_nugget":10,"minecraft:cobbled_deepslate":192,"minecraft:comparator":1,"minecraft:spruce_planks":1180,"minecraft:eye_armor_trim_smithing_template":1,"minecraft:cobblestone_slab":2,"minecraft:iron_pickaxe":1,"pneumaticcraft:dispenser_upgrade":2,"farmersdelight:cabbage_seeds":21,"minecraft:furnace":4,"minecolonies:supplychestdeployer":1,"minecraft:stick":28,"minecraft:composter":1,"minecraft:torch":99,"biomesoplenty:umbran_planks":5,"minecraft:spruce_stairs":2,"minecraft:porkchop":20,"minecraft:lightning_rod":1,"tombstone:grave_dust":21,"minecraft:diorite":14,"minecraft:warped_planks":7,"tombstone:tablet_of_cupidity":2,"pneumaticcraft:pressure_tube":36,"minecraft:rotten_flesh":48,"minecraft:tropical_fish":1,"minecraft:iron_block":2,"farmersdelight:rope":44,"tombstone:scroll_of_aquatic_life":1,"biomesoplenty:white_petals":14,"minecraft:iron_bars":8,"minecraft:obsidian":4,"minecraft:cod":20,"minecraft:snowball":10,"minecraft:cobblestone":357,"minecraft:birch_log":4,"farmersdelight:rice":12,"minecraft:feather":2,"minecraft:cooked_beef":6,"minecraft:cherry_planks":92,"minecraft:andesite":40,"minecraft:potato":18,"biomesoplenty:glowshroom":9,"minecraft:smoker":3,"alexsmobs:bear_fur":3,"biomesoplenty:dead_log":91,"biomesoplenty:fir_log":4,"paraglider:spirit_orb":15,"minecraft:flint":11,"minecraft:smooth_sandstone_stairs":2,"minecraft:tuff":16,"pneumaticcraft:air_compressor":2,"minecraft:lapis_lazuli":2,"minecraft:map":2,"pneumaticcraft:display_table":4,"minecraft:dirt":235,"minecraft:lantern":5,"minecraft:polished_granite":2,"minecraft:name_tag":3,"biomesoplenty:snowblossom_sapling":23,"minecraft:bone":16,"minecraft:chipped_anvil":8,"minecraft:stonecutter":1,"minecraft:grindstone":1,"minecraft:wheat_seeds":12,"minecraft:raw_gold":9,"minecraft:mossy_stone_bricks":2,"pneumaticcraft:omnidirectional_hopper":2,"minecraft:oak_planks":6,"aquaculture:atlantic_herring":1,"biomesoplenty:toadstool":3,"minecraft:cooked_porkchop":4,"minecraft:music_disc_13":1,"pneumaticcraft:gun_ammo_ap":1,"minecraft:sand":127,"minecraft:ink_sac":8,"minecraft:dark_oak_log":1,"minecraft:grass_block":20,"simplyswords:iron_greathammer":1,"minecraft:barrel":13,"minecraft:mossy_cobblestone":1,"minecraft:spruce_fence_gate":4,"minecraft:yellow_carpet":11,"minecraft:slime_block":1,"minecraft:diamond":3,"pneumaticcraft:aphorism_tile":8,"minecraft:soul_lantern":1,"tombstone:tablet_of_recall":2,"minecraft:crossbow":3,"minecraft:granite":1,"minecraft:bone_meal":1,"minecraft:golden_apple":3,"biomesoplenty:dead_fence":1,"minecraft:spruce_sign":16,"minecraft:emerald":35,"minecraft:bread":37,"aquaculture:box":1,"alexsmobs:maggot":2,"minecraft:oak_sapling":9,"minecraft:dark_oak_fence":3,"minecraft:charcoal":7,"minecraft:crafting_table":13,"pneumaticcraft:programming_puzzle":4,"minecraft:allium":1,"minecraft:ladder":1,"minecraft:stripped_warped_hyphae":4,"minecraft:clay_ball":2,"minecolonies:scroll_buff":8,"minecraft:chest_minecart":2,"minecraft:golden_pickaxe":3,"minecraft:brown_mushroom":12,"minecraft:gold_block":18,"minecraft:shield":1,"minecraft:red_bed":2,"minecraft:stone_stairs":1,"minecraft:iron_axe":1,"minecraft:white_carpet":1,"pneumaticcraft:compressed_stone":44,"minecraft:item_frame":5,"artifacts:fire_gauntlet":1,"minecraft:detector_rail":2,"minecraft:candle":5,"minecolonies:compost":6,"minecraft:beef":5,"minecraft:andesite_stairs":1,"minecraft:observer":1,"minecraft:lectern":1,"minecraft:iron_nugget":54,"minecraft:spruce_slab":2,"minecraft:sugar_cane":17,"minecraft:chest":45,"minecraft:piston":2,"minecraft:spruce_trapdoor":4,"minecraft:sandstone":1,"minecraft:raw_iron":111,"minecraft:stone":2,"pneumaticcraft:pneumatic_wrench":2,"minecraft:fire_charge":1,"pneumaticcraft:gun_ammo_weighted":1,"farmersdelight:tomato_seeds":6,"minecraft:redstone":114,"minecraft:dark_oak_planks":3,"minecraft:tnt":4,"artifacts:everlasting_beef":1,"minecraft:arrow":69,"minecraft:beetroot_seeds":5,"minecraft:pumpkin_pie":7,"minecraft:hay_block":45,"minecraft:warped_sign":1,"pneumaticcraft:charging_station":2,"minecraft:gold_ingot":20,"sophisticatedbackpacks:copper_backpack":1,"minecraft:skeleton_skull":3,"minecraft:mutton":7,"minecraft:white_wool":8,"minecraft:rail":42,"pneumaticcraft:spawner_agitator":1,"artifacts:eternal_steak":2,"minecraft:yellow_dye":1,"minecraft:salmon":2,"minecraft:fern":2,"minecraft:leather":14,"pneumaticcraft:logistics_core":2,"biomesoplenty:dead_stairs":94,"minecraft:filled_map":1,"pneumaticcraft:compressed_iron_chestplate":1,"minecraft:oak_log":5,"minecraft:cobblestone_stairs":1,"minecraft:cobbled_deepslate_stairs":3,"minecraft:gunpowder":6,"artifacts:cloud_in_a_bottle":2,"farmersdelight:skillet":2,"tombstone:voodoo_poppet":2,"minecraft:blue_bed":2,"minecraft:paper":27,"farmersdelight:organic_compost":3,"minecraft:cooked_mutton":3,"pneumaticcraft:pneumatic_cylinder":11,"minecraft:smooth_sandstone":2,"minecraft:red_carpet":22,"minecraft:apple":13,"minecraft:stone_bricks":11,"minecraft:iron_ingot":22,"minecraft:stone_pickaxe":2,"tombstone:bag_of_seeds":1,"aquaculture:minnow":1,"minecraft:flowering_azalea":1,"minecraft:book":96,"minecraft:oak_slab":1,"minecraft:black_candle":1,"minecraft:pumpkin":4,"minecraft:sweet_berries":12,"pneumaticcraft:transistor":2,"minecraft:red_wool":1,"minecraft:raw_iron_block":2,"pneumaticcraft:ingot_iron_compressed":10,"minecraft:gravel":8,"biomesoplenty:dead_planks":185,"minecraft:spruce_sapling":32,"minecraft:blast_furnace":10,"minecraft:white_bed":7,"minecraft:spruce_log":94,"biomesoplenty:glowing_moss_block":14,"minecraft:spider_eye":8,"minecraft:pumpkin_seeds":6,"minecraft:purple_bed":10,"tombstone:scroll_of_knowledge":1,"minecraft:stone_axe":1,"minecraft:iron_helmet":2,"minecraft:lodestone":1,"pneumaticcraft:vortex_cannon":1,"tombstone:magic_scroll":3,"minecraft:melon_seeds":2,"farmersdelight:stove":1,"minecraft:coal":135,"minecraft:hopper":2},"minecraft:broken":{"minecraft:golden_shovel":2,"minecraft:iron_leggings":1,"minecraft:chainmail_boots":1,"immersive_armors:steampunk_leggings":1,"minecraft:stone_axe":2,"minecraft:stone_shovel":1,"minecraft:stone_sword":1,"immersive_armors:steampunk_chestplate":1,"minecraft:shield":2,"immersive_armors:steampunk_helmet":1,"minecraft:iron_axe":2,"minecraft:iron_pickaxe":1},"minecraft:mined":{"biomesoplenty:glowshroom":2,"minecraft:spruce_planks":440,"minecraft:white_bed":5,"connectedglass:borderless_glass":3,"pneumaticcraft:reinforced_chest":23,"minecraft:cobbled_deepslate_stairs":2,"minecraft:andesite_stairs":1,"minecraft:cobblestone_stairs":1,"minecraft:brewing_stand":1,"minecraft:spruce_trapdoor":4,"minecraft:granite":7,"biomesoplenty:dead_leaves":27,"biomesoplenty:umbran_planks":5,"minecraft:grass_block":131,"minecraft:soul_soil":1,"minecraft:stripped_warped_hyphae":4,"minecraft:composter":1,"minecraft:hopper":2,"minecraft:spawner":10,"minecraft:potted_fern":1,"diagonalfences:biomesoplenty/dead_fence":1,"biomesoplenty:stripped_dead_log":1,"minecraft:raw_iron_block":2,"minecraft:sticky_piston":1,"minecraft:iron_ore":49,"minecraft:cobbled_deepslate":3,"minecraft:barrel":9,"minecraft:pumpkin":2,"minecraft:anvil":1,"biomesoplenty:glowshroom_block":2,"minecraft:iron_bars":4,"minecraft:smooth_sandstone_stairs":4,"minecraft:iron_block":2,"minecraft:spruce_slab":2,"minecraft:tripwire":3,"minecraft:piston_head":1,"minecraft:brown_mushroom":1,"minecraft:red_bed":2,"farmersdelight:organic_compost":1,"biomesoplenty:glowworm_silk":1,"minecraft:smoker":3,"minecraft:powder_snow":82,"minecraft:torch":16,"minecraft:blast_furnace":9,"minecraft:slime_block":1,"minecraft:chest":41,"farmersdelight:brown_mushroom_colony":1,"minecraft:mushroom_stem":2,"minecraft:grindstone":1,"minecraft:cobblestone":6,"minecraft:sugar_cane":2,"minecraft:oak_planks":1,"minecraft:wall_torch":17,"minecraft:skeleton_skull":3,"minecraft:stone_stairs":1,"minecraft:warped_planks":8,"biomesoplenty:glowworm_silk_strand":1,"minecraft:birch_log":4,"minecraft:smooth_stone_slab":1,"minecraft:tnt":4,"biomesoplenty:fir_log":4,"minecraft:grass":75,"biomesoplenty:dead_log":91,"minecraft:oak_log":5,"minecraft:sand":131,"minecraft:dirt":131,"minecraft:stonecutter":1,"minecraft:piston":1,"minecraft:deepslate":22,"minecraft:dark_prismarine":1,"biomesoplenty:glowing_moss_block":7,"minecraft:tuff":8,"minecraft:mossy_cobblestone":3,"minecraft:deepslate_diamond_ore":2,"minecraft:candle":1,"minecraft:dark_oak_log":1,"biomesoplenty:desert_grass":1,"pneumaticcraft:pressure_tube":4,"minecraft:chiseled_bookshelf":1,"minecraft:ladder":1,"minecraft:dark_oak_fence":4,"biomesoplenty:white_petals":5,"minecraft:spruce_leaves":20,"biomesoplenty:dead_grass":3,"minecraft:sandstone":1,"minecraft:large_fern":2,"minecraft:hay_block":45,"pneumaticcraft:compressed_stone":1,"minecraft:redstone_ore":10,"minecraft:furnace":5,"biomesoplenty:toadstool":3,"minecraft:snow":5,"pneumaticcraft:display_table":4,"minecraft:andesite":18,"minecraft:gold_block":16,"minecraft:bookshelf":30,"biomesoplenty:rainbow_birch_leaves":2,"minecraft:deepslate_iron_ore":17,"minecraft:cobblestone_slab":2,"minecraft:lantern":1,"minecraft:packed_ice":9,"minecraft:stone":311,"minecraft:potted_allium":1,"minecraft:smithing_table":1,"minecraft:oak_slab":1,"pneumaticcraft:charging_station":2,"minecraft:glass_pane":4,"minecraft:red_wool":1,"minecraft:cherry_planks":16,"minecraft:comparator":1,"pneumaticcraft:air_compressor":2,"minecraft:observer":1,"minecraft:polished_granite":1,"minecraft:smooth_sandstone":3,"minecraft:crafting_table":14,"minecraft:emerald_ore":2,"biomesoplenty:snowblossom_leaves":4,"minecraft:lectern":1,"biomesoplenty:dead_stairs":94,"minecraft:campfire":1,"minecraft:lightning_rod":1,"minecraft:tall_grass":2,"minecraft:copper_ore":10,"biomesoplenty:sprout":1,"minecraft:deepslate_gold_ore":5,"pneumaticcraft:aphorism_tile":8,"minecraft:diorite":17,"minecraft:blue_bed":2,"minecraft:spruce_stairs":1,"minecraft:purple_bed":10,"farmersdelight:skillet":1,"biomesoplenty:snowblossom_sapling":2,"minecraft:sea_pickle":2,"minecraft:ice":1,"minecraft:white_carpet":1,"minecraft:spruce_log":85,"pneumaticcraft:omnidirectional_hopper":2,"minecraft:coal_ore":65,"minecraft:gravel":6,"minecraft:lodestone":1,"minecraft:cobweb":31,"farmersdelight:stove":1,"biomesoplenty:dead_planks":18,"minecraft:spruce_fence_gate":1,"minecraft:stone_bricks":11,"minecraft:mossy_stone_bricks":1,"minecraft:chipped_anvil":8,"minecraft:fern":7,"minecraft:dark_oak_planks":2},"minecraft:crafted":{"minecraft:brick":48,"minecraft:oak_planks":20,"minecraft:lightning_rod":4,"immersive_armors:steampunk_chestplate":1,"immersive_armors:steampunk_leggings":1,"connectedglass:borderless_glass":92,"minecraft:cooked_mutton":4,"minecraft:glass":104,"minecraft:iron_boots":1,"minecraft:chest":18,"structurize:sceptergold":1,"biomesoplenty:dead_fence_gate":1,"minecraft:bricks":4,"minecolonies:supplychestdeployer":1,"minecolonies:barrel_block":1,"minecraft:smoker":3,"farmersdelight:stove":1,"minecolonies:blockhutblacksmith":1,"minecraft:item_frame":6,"minecraft:crafting_table":4,"minecraft:spruce_planks":340,"farmersdelight:iron_knife":1,"minecraft:wooden_pickaxe":1,"minecraft:clock":1,"minecraft:copper_ingot":16,"immersive_armors:steampunk_boots":1,"immersive_armors:steampunk_helmet":1,"biomesoplenty:dead_boat":6,"minecraft:birch_planks":16,"minecraft:campfire":1,"farmersdelight:skillet":1,"minecraft:iron_chestplate":2,"minecraft:shield":4,"minecraft:stick":138,"minecraft:compass":1,"minecraft:iron_ingot":27,"minecraft:iron_pickaxe":4,"minecraft:iron_block":1,"minecraft:stone_sword":1,"minecraft:gold_ingot":18,"aquaculture:iron_fishing_rod":1,"minecraft:redstone_torch":1,"artifacts:eternal_steak":1,"minecraft:stone_shovel":2,"minecraft:furnace":6,"biomesoplenty:dead_fence":21,"minecraft:piston":5,"minecraft:bone_meal":3,"biomesoplenty:dead_stairs":76,"minecraft:iron_axe":2,"minecraft:spruce_slab":12,"minecraft:stone_pickaxe":1,"biomesoplenty:dead_door":3,"minecraft:wheat":153,"minecraft:cooked_beef":4,"minecraft:crossbow":1,"biomesoplenty:dead_planks":252,"minecraft:iron_sword":1,"minecraft:bucket":2,"minecraft:stone_axe":3,"minecraft:white_stained_glass":8,"minecraft:bread":61,"simplyswords:iron_greathammer":1,"minecraft:air":0,"minecraft:white_dye":3,"minecraft:iron_leggings":1,"minecraft:white_bed":2,"minecraft:torch":240},"minecraft:killed_by":{"minecraft:creeper":1,"minecraft:pillager":1,"alexsmobs:tusklin":1,"minecraft:vindicator":19,"artifacts:mimic":1,"minecraft:zombie":2,"alexsmobs:grizzly_bear":1,"minecraft:vex":1,"minecraft:player":2,"minecraft:spider":2,"alexsmobs:bald_eagle":1,"minecraft:skeleton":10},"minecraft:used":{"biomesoplenty:dead_fence":20,"biomesoplenty:dead_fence_gate":1,"immersive_armors:steampunk_chestplate":1,"minecraft:spruce_slab":10,"minecraft:chest":40,"farmersdelight:stove":2,"minecraft:shield":116,"minecraft:iron_sword":68,"minecraft:iron_chestplate":2,"pneumaticcraft:compressed_stone":1,"minecraft:snowball":5,"minecolonies:barrel_block":1,"minecraft:grass_block":7,"biomesoplenty:white_petals":7,"minecraft:item_frame":11,"minecraft:furnace":7,"minecraft:potato":1,"minecraft:diorite":9,"minecraft:stone_pickaxe":121,"minecraft:oak_planks":2,"minecraft:sandstone":1,"minecraft:wooden_pickaxe":14,"artifacts:eternal_steak":75,"minecraft:sugar_cane":12,"minecraft:blue_bed":2,"minecraft:diamond_axe":118,"farmersdelight:organic_compost":1,"minecraft:white_wool":2,"minecraft:golden_apple":1,"minecraft:golden_hoe":20,"minecraft:sand":13,"minecraft:blast_furnace":4,"minecraft:crossbow":13,"biomesoplenty:dead_planks":106,"minecraft:lightning_rod":5,"simplyswords:iron_greathammer":214,"biomesoplenty:umbran_planks":2,"minecraft:firework_rocket":4,"minecraft:bread":27,"minecraft:string":3,"tombstone:grave_key":18,"minecraft:gravel":4,"pneumaticcraft:aphorism_tile":6,"biomesoplenty:dead_door":3,"minecraft:andesite":19,"minecraft:stone_sword":141,"immersive_armors:steampunk_helmet":1,"minecraft:armor_stand":2,"minecraft:stone_shovel":173,"minecraft:spruce_planks":1439,"biomesoplenty:glowshroom":3,"pneumaticcraft:reinforced_chest":21,"minecraft:torch":257,"minecraft:dirt":334,"minecraft:diamond_helmet":1,"minecraft:golden_shovel":64,"biomesoplenty:snowblossom_sapling":2,"biomesoplenty:dead_boat":1,"minecraft:dark_oak_planks":2,"aquaculture:iron_fishing_rod":12,"minecraft:chipped_anvil":6,"minecraft:iron_axe":500,"biomesoplenty:dead_stairs":157,"minecraft:iron_boots":1,"connectedglass:borderless_glass":87,"artifacts:everlasting_beef":1,"minecraft:goat_horn":4,"tombstone:gift":11,"minecraft:cooked_beef":6,"minecraft:cobbled_deepslate":17,"biomesoplenty:dead_log":10,"minecraft:iron_leggings":2,"minecraft:cooked_mutton":5,"minecraft:water_bucket":76,"immersive_armors:steampunk_boots":1,"farmersdelight:skillet":3,"minecraft:birch_planks":1,"minecraft:bundle":1,"minecraft:cherry_planks":16,"minecraft:cobblestone_slab":1,"minecraft:spruce_fence_gate":3,"minecraft:salmon":2,"immersive_armors:steampunk_leggings":1,"minecraft:crafting_table":15,"minecraft:red_bed":1,"minecraft:spruce_log":16,"minecraft:white_bed":7,"minecraft:warped_planks":1,"minecraft:smoker":5,"tombstone:bag_of_seeds":1,"minecraft:apple":11,"minecraft:iron_pickaxe":603,"minecraft:spruce_sapling":13,"minecraft:stone_axe":293,"minecraft:cobblestone":41,"minecraft:purple_bed":10,"minecraft:bucket":78,"alexsmobs:animal_dictionary":1,"minecraft:sea_pickle":2,"biomesoplenty:fir_log":4,"structurize:sceptergold":1,"biomesoplenty:dead_sapling":9},"minecraft:killed":{"minecraft:cave_spider":4,"minecraft:spider":13,"minecraft:skeleton":10,"minecraft:fox":1,"artifacts:mimic":1,"minecraft:pig":10,"minecraft:sheep":4,"minecraft:pillager":22,"minecraft:zombie":20,"alexsmobs:fly":1,"minecraft:cow":8,"minecraft:vindicator":11,"creeperoverhaul:snowy_creeper":2,"minecraft:wandering_trader":1,"minecraft:squid":1,"alexsmobs:crow":1}},"DataVersion":3465}