{"stats":{"minecraft:dropped":{"minecraft:spruce_sign":22,"minecraft:brown_mushroom":12,"minecraft:porkchop":4,"minecraft:cooked_beef":4,"minecraft:golden_pickaxe":1,"minecraft:cooked_porkchop":4,"minecraft:crossbow":1,"minecraft:leather":2,"minecraft:rail":5,"minecraft:cod":7,"minecraft:emerald":2,"minecraft:gold_block":2,"minecraft:dark_oak_fence":1,"minecraft:snowball":5,"minecraft:axolotl_bucket":1,"minecraft:iron_pickaxe":1,"minecraft:gold_ingot":6,"minecraft:bone":4,"minecraft:armor_stand":1,"minecraft:stone_axe":2,"pneumaticcraft:transistor":1,"minecraft:soul_lantern":1,"minecraft:rotten_flesh":4,"minecraft:cooked_mutton":2,"minecraft:white_bed":2,"biomesoplenty:glowing_moss_block":7,"minecraft:charcoal":2,"minecraft:chest":4,"farmersdelight:rope":10,"minecraft:beef":1,"minecraft:dead_tube_coral_block":4,"minecraft:bread":23,"minecraft:wheat_seeds":4,"minecraft:feather":1,"minecraft:cobblestone":4,"pneumaticcraft:compressed_stone":9,"minecraft:spruce_stairs":2,"pneumaticcraft:pressure_tube":8,"biomesoplenty:snowblossom_sapling":11,"minecraft:ink_sac":3,"minecraft:torch":2,"farmersdelight:organic_compost":2,"tombstone:grave_dust":12,"minecraft:pumpkin":2,"minecraft:flowering_azalea":1,"minecraft:iron_axe":1,"biomesoplenty:glowshroom":3,"minecraft:string":2,"minecraft:spruce_sapling":4,"minecraft:redstone":43,"pneumaticcraft:pneumatic_cylinder":6,"minecraft:raw_copper":35,"minecraft:raw_iron":33,"pneumaticcraft:ingot_iron_compressed":1,"alexsmobs:bear_fur":1,"minecraft:blast_furnace":1,"biomesoplenty:dead_sapling":3,"minecraft:cobblestone_slab":1,"minecraft:potato":1,"minecraft:shield":2,"minecraft:sea_pickle":1,"minecraft:spruce_trapdoor":2,"minecraft:oak_sapling":2,"artifacts:eternal_steak":2,"minecraft:spider_eye":1,"minecraft:barrel":4,"minecraft:stone_pickaxe":3,"minecraft:wooden_pickaxe":1,"tombstone:tablet_of_cupidity":1},"minecraft:custom":{"minecraft:interact_with_crafting_table":61,"minecraft:open_barrel":19,"minecraft:bell_ring":1,"minecraft:leave_game":3,"minecraft:time_since_death":72206,"minecraft:sprint_one_cm":597480,"minecraft:damage_blocked_by_shield":2295,"minecraft:drop":272,"minecraft:talked_to_villager":20,"minecraft:play_time":377445,"minecraft:deaths":16,"minecraft:jump":4509,"minecraft:walk_on_water_one_cm":29270,"minecraft:interact_with_furnace":56,"minecraft:sleep_in_bed":17,"minecraft:damage_dealt":10952,"minecraft:crouch_one_cm":56210,"tombstone:undead_killed":22,"minecraft:interact_with_smoker":3,"minecraft:interact_with_anvil":1,"minecraft:mob_kills":67,"minecraft:interact_with_campfire":16,"minecraft:damage_dealt_resisted":76,"minecraft:climb_one_cm":2645,"minecraft:walk_one_cm":1450649,"minecraft:damage_dealt_absorbed":174,"minecraft:sneak_time":12860,"minecraft:walk_under_water_one_cm":34213,"minecraft:interact_with_blast_furnace":15,"minecraft:total_world_time":377445,"spartanshields:shield_bash_hits":6,"tombstone:raider_killed":7,"minecraft:time_since_rest":11883,"minecraft:damage_taken":9004,"minecraft:swim_one_cm":54978,"minecraft:fly_one_cm":997131,"minecraft:open_chest":314,"minecraft:fall_one_cm":151421},"minecraft:picked_up":{"minecolonies:supplycampdeployer":1,"minecraft:iron_chestplate":1,"minecraft:wheat":2,"minecraft:golden_shovel":1,"pneumaticcraft:reinforced_chest":21,"minecraft:raw_copper":70,"minecraft:dead_tube_coral_block":2,"minecraft:string":33,"minecraft:armor_stand":1,"minecraft:sea_pickle":3,"biomesoplenty:dead_sapling":12,"minecraft:cobbled_deepslate":177,"minecraft:spruce_planks":1180,"minecraft:cobblestone_slab":1,"pneumaticcraft:dispenser_upgrade":2,"farmersdelight:cabbage_seeds":8,"minecraft:furnace":4,"minecraft:stick":25,"minecraft:torch":23,"minecraft:spruce_stairs":2,"minecraft:porkchop":20,"minecraft:lightning_rod":1,"tombstone:grave_dust":18,"minecraft:diorite":5,"tombstone:tablet_of_cupidity":2,"pneumaticcraft:pressure_tube":20,"minecraft:rotten_flesh":35,"minecraft:tropical_fish":1,"farmersdelight:rope":20,"tombstone:scroll_of_aquatic_life":1,"biomesoplenty:white_petals":7,"minecraft:cod":14,"minecraft:snowball":10,"minecraft:cobblestone":300,"minecraft:feather":2,"minecraft:cherry_planks":92,"minecraft:andesite":4,"biomesoplenty:glowshroom":9,"minecraft:smoker":2,"alexsmobs:bear_fur":3,"biomesoplenty:dead_log":91,"biomesoplenty:fir_log":4,"minecraft:flint":5,"pneumaticcraft:air_compressor":2,"pneumaticcraft:display_table":4,"minecraft:dirt":230,"minecraft:name_tag":1,"biomesoplenty:snowblossom_sapling":23,"minecraft:bone":13,"minecraft:chipped_anvil":6,"minecraft:wheat_seeds":9,"minecraft:raw_gold":9,"pneumaticcraft:omnidirectional_hopper":2,"minecraft:oak_planks":1,"minecraft:cooked_porkchop":4,"minecraft:music_disc_13":1,"minecraft:sand":127,"minecraft:ink_sac":6,"minecraft:grass_block":20,"minecraft:barrel":10,"pneumaticcraft:aphorism_tile":8,"minecraft:soul_lantern":1,"minecraft:crossbow":1,"minecraft:granite":1,"minecraft:bone_meal":1,"minecraft:spruce_sign":11,"minecraft:emerald":11,"minecraft:bread":11,"minecraft:oak_sapling":4,"minecraft:dark_oak_fence":1,"minecraft:charcoal":6,"minecraft:crafting_table":11,"minecraft:golden_pickaxe":3,"minecraft:brown_mushroom":12,"minecraft:gold_block":10,"minecraft:shield":1,"minecraft:iron_axe":1,"pneumaticcraft:compressed_stone":17,"minecraft:item_frame":5,"minecraft:candle":2,"minecraft:beef":5,"minecraft:spruce_slab":2,"minecraft:sugar_cane":11,"minecraft:chest":26,"minecraft:spruce_trapdoor":2,"minecraft:raw_iron":88,"pneumaticcraft:pneumatic_wrench":2,"farmersdelight:tomato_seeds":4,"minecraft:redstone":89,"artifacts:everlasting_beef":1,"minecraft:arrow":17,"minecraft:pumpkin_pie":7,"minecraft:hay_block":18,"pneumaticcraft:charging_station":2,"minecraft:gold_ingot":11,"sophisticatedbackpacks:copper_backpack":1,"minecraft:mutton":7,"minecraft:white_wool":8,"minecraft:rail":5,"artifacts:eternal_steak":2,"minecraft:leather":12,"biomesoplenty:dead_stairs":94,"minecraft:oak_log":5,"minecraft:gunpowder":5,"artifacts:cloud_in_a_bottle":2,"farmersdelight:skillet":1,"tombstone:voodoo_poppet":1,"minecraft:blue_bed":2,"minecraft:paper":9,"farmersdelight:organic_compost":3,"minecraft:cooked_mutton":3,"pneumaticcraft:pneumatic_cylinder":9,"minecraft:iron_ingot":5,"minecraft:stone_pickaxe":2,"aquaculture:minnow":1,"minecraft:flowering_azalea":1,"minecraft:pumpkin":4,"pneumaticcraft:transistor":2,"pneumaticcraft:ingot_iron_compressed":1,"minecraft:gravel":2,"biomesoplenty:dead_planks":185,"minecraft:spruce_sapling":22,"minecraft:blast_furnace":9,"minecraft:white_bed":7,"minecraft:spruce_log":69,"biomesoplenty:glowing_moss_block":14,"minecraft:spider_eye":7,"minecraft:pumpkin_seeds":2,"minecraft:purple_bed":9,"minecraft:stone_axe":1,"tombstone:magic_scroll":1,"farmersdelight:stove":1,"minecraft:coal":100},"minecraft:broken":{"minecraft:golden_shovel":2,"minecraft:stone_axe":2,"minecraft:stone_shovel":1,"minecraft:stone_sword":1,"minecraft:iron_axe":2,"minecraft:iron_pickaxe":1},"minecraft:mined":{"biomesoplenty:glowshroom":2,"minecraft:spruce_planks":440,"minecraft:white_bed":5,"connectedglass:borderless_glass":3,"pneumaticcraft:reinforced_chest":23,"minecraft:spruce_trapdoor":2,"minecraft:granite":1,"biomesoplenty:dead_leaves":27,"minecraft:grass_block":128,"biomesoplenty:stripped_dead_log":1,"minecraft:iron_ore":39,"minecraft:cobbled_deepslate":3,"minecraft:barrel":6,"minecraft:pumpkin":2,"biomesoplenty:glowshroom_block":2,"minecraft:spruce_slab":2,"minecraft:tripwire":2,"minecraft:brown_mushroom":1,"farmersdelight:organic_compost":1,"biomesoplenty:glowworm_silk":1,"minecraft:smoker":2,"minecraft:powder_snow":81,"minecraft:torch":5,"minecraft:blast_furnace":8,"minecraft:chest":23,"farmersdelight:brown_mushroom_colony":1,"minecraft:mushroom_stem":2,"minecraft:cobblestone":5,"minecraft:sugar_cane":2,"minecraft:oak_planks":1,"minecraft:wall_torch":12,"biomesoplenty:glowworm_silk_strand":1,"biomesoplenty:fir_log":4,"minecraft:grass":65,"biomesoplenty:dead_log":91,"minecraft:oak_log":5,"minecraft:sand":128,"minecraft:dirt":126,"minecraft:deepslate":8,"biomesoplenty:glowing_moss_block":7,"minecraft:candle":1,"biomesoplenty:desert_grass":1,"pneumaticcraft:pressure_tube":4,"minecraft:dark_oak_fence":2,"biomesoplenty:white_petals":3,"minecraft:spruce_leaves":19,"biomesoplenty:dead_grass":3,"minecraft:large_fern":2,"minecraft:hay_block":18,"minecraft:redstone_ore":9,"minecraft:furnace":5,"minecraft:snow":5,"pneumaticcraft:display_table":4,"minecraft:andesite":1,"minecraft:gold_block":8,"minecraft:deepslate_iron_ore":5,"minecraft:cobblestone_slab":1,"minecraft:packed_ice":8,"minecraft:stone":264,"pneumaticcraft:charging_station":2,"minecraft:cherry_planks":16,"pneumaticcraft:air_compressor":2,"minecraft:crafting_table":12,"minecraft:emerald_ore":2,"biomesoplenty:snowblossom_leaves":4,"biomesoplenty:dead_stairs":94,"minecraft:campfire":1,"minecraft:lightning_rod":1,"minecraft:tall_grass":2,"minecraft:copper_ore":10,"minecraft:deepslate_gold_ore":5,"pneumaticcraft:aphorism_tile":8,"minecraft:diorite":5,"minecraft:blue_bed":2,"minecraft:spruce_stairs":1,"minecraft:purple_bed":9,"farmersdelight:skillet":1,"biomesoplenty:snowblossom_sapling":2,"minecraft:sea_pickle":2,"minecraft:spruce_log":69,"pneumaticcraft:omnidirectional_hopper":2,"minecraft:coal_ore":44,"minecraft:gravel":2,"farmersdelight:stove":1,"biomesoplenty:dead_planks":18,"minecraft:chipped_anvil":6,"minecraft:fern":7},"minecraft:crafted":{"minecraft:brick":48,"minecraft:oak_planks":20,"minecraft:lightning_rod":4,"connectedglass:borderless_glass":92,"minecraft:cooked_mutton":4,"minecraft:glass":94,"minecraft:chest":18,"structurize:sceptergold":1,"biomesoplenty:dead_fence_gate":1,"minecraft:bricks":4,"minecolonies:supplychestdeployer":1,"minecolonies:barrel_block":1,"minecraft:smoker":1,"farmersdelight:stove":1,"minecolonies:blockhutblacksmith":1,"minecraft:item_frame":6,"minecraft:crafting_table":3,"minecraft:spruce_planks":304,"farmersdelight:iron_knife":1,"minecraft:wooden_pickaxe":1,"minecraft:copper_ingot":16,"biomesoplenty:dead_boat":5,"minecraft:campfire":1,"farmersdelight:skillet":1,"minecraft:iron_chestplate":1,"minecraft:shield":3,"minecraft:stick":106,"minecraft:iron_ingot":21,"minecraft:iron_pickaxe":3,"minecraft:stone_sword":1,"minecraft:gold_ingot":18,"artifacts:eternal_steak":1,"minecraft:stone_shovel":2,"minecraft:furnace":5,"biomesoplenty:dead_fence":21,"biomesoplenty:dead_stairs":76,"minecraft:iron_axe":2,"minecraft:spruce_slab":12,"minecraft:stone_pickaxe":1,"biomesoplenty:dead_door":3,"minecraft:wheat":63,"minecraft:cooked_beef":4,"biomesoplenty:dead_planks":252,"minecraft:iron_sword":1,"minecraft:bucket":2,"minecraft:stone_axe":3,"minecraft:bread":21,"simplyswords:iron_greathammer":1,"minecraft:air":0,"minecraft:iron_leggings":1,"minecraft:white_bed":2,"minecraft:torch":120},"minecraft:killed_by":{"minecraft:creeper":1,"alexsmobs:tusklin":1,"artifacts:mimic":1,"minecraft:zombie":2,"alexsmobs:grizzly_bear":1,"minecraft:spider":1,"alexsmobs:bald_eagle":1,"minecraft:skeleton":8},"minecraft:used":{"biomesoplenty:dead_fence":19,"biomesoplenty:dead_fence_gate":1,"minecraft:spruce_slab":10,"minecraft:chest":40,"farmersdelight:stove":2,"minecraft:shield":51,"minecraft:iron_sword":5,"minecraft:iron_chestplate":1,"minecraft:snowball":5,"minecolonies:barrel_block":1,"minecraft:grass_block":7,"biomesoplenty:white_petals":7,"minecraft:item_frame":11,"minecraft:furnace":7,"minecraft:diorite":1,"minecraft:stone_pickaxe":121,"minecraft:oak_planks":1,"minecraft:wooden_pickaxe":14,"artifacts:eternal_steak":58,"minecraft:sugar_cane":12,"minecraft:blue_bed":2,"minecraft:diamond_axe":14,"farmersdelight:organic_compost":1,"minecraft:white_wool":2,"minecraft:golden_hoe":20,"minecraft:sand":13,"minecraft:blast_furnace":4,"minecraft:crossbow":2,"biomesoplenty:dead_planks":106,"minecraft:lightning_rod":5,"simplyswords:iron_greathammer":88,"minecraft:firework_rocket":4,"minecraft:string":2,"minecraft:gravel":2,"pneumaticcraft:aphorism_tile":6,"biomesoplenty:dead_door":3,"minecraft:stone_sword":141,"minecraft:armor_stand":2,"minecraft:stone_shovel":173,"minecraft:spruce_planks":1439,"biomesoplenty:glowshroom":3,"pneumaticcraft:reinforced_chest":21,"minecraft:torch":141,"minecraft:dirt":329,"minecraft:golden_shovel":64,"biomesoplenty:snowblossom_sapling":2,"minecraft:chipped_anvil":6,"minecraft:iron_axe":500,"biomesoplenty:dead_stairs":157,"connectedglass:borderless_glass":87,"artifacts:everlasting_beef":1,"tombstone:gift":7,"minecraft:cobbled_deepslate":9,"biomesoplenty:dead_log":10,"minecraft:iron_leggings":1,"minecraft:cooked_mutton":5,"minecraft:water_bucket":55,"farmersdelight:skillet":2,"minecraft:bundle":1,"minecraft:cherry_planks":16,"minecraft:crafting_table":13,"minecraft:white_bed":7,"minecraft:smoker":3,"minecraft:iron_pickaxe":360,"minecraft:spruce_sapling":13,"minecraft:stone_axe":293,"minecraft:cobblestone":20,"minecraft:purple_bed":9,"minecraft:bucket":57,"alexsmobs:animal_dictionary":1,"minecraft:sea_pickle":2,"biomesoplenty:fir_log":4,"structurize:sceptergold":1,"biomesoplenty:dead_sapling":9},"minecraft:killed":{"minecraft:spider":12,"minecraft:skeleton":9,"minecraft:fox":1,"artifacts:mimic":1,"minecraft:pig":10,"minecraft:sheep":4,"minecraft:pillager":5,"minecraft:zombie":13,"minecraft:cow":5,"creeperoverhaul:snowy_creeper":2,"minecraft:squid":1,"alexsmobs:crow":1}},"DataVersion":3465}