{"stats":{"minecraft:dropped":{"minecraft:spruce_sign":22,"minecraft:bread":21,"minecraft:brown_mushroom":12,"minecraft:porkchop":4,"minecraft:wheat_seeds":3,"minecraft:cooked_beef":4,"minecraft:cooked_porkchop":4,"minecraft:crossbow":1,"minecraft:cobblestone":4,"minecraft:spruce_stairs":2,"biomesoplenty:snowblossom_sapling":1,"minecraft:dark_oak_fence":1,"minecraft:torch":2,"farmersdelight:organic_compost":2,"minecraft:axolotl_bucket":1,"minecraft:flowering_azalea":1,"minecraft:iron_pickaxe":1,"minecraft:spruce_sapling":4,"minecraft:armor_stand":1,"minecraft:stone_axe":2,"minecraft:cooked_mutton":2,"minecraft:white_bed":1,"biomesoplenty:dead_sapling":3,"minecraft:potato":1,"minecraft:shield":2,"minecraft:chest":4,"minecraft:spider_eye":1,"minecraft:wooden_pickaxe":1,"minecraft:beef":1,"minecraft:dead_tube_coral_block":4},"minecraft:custom":{"minecraft:mob_kills":39,"minecraft:interact_with_crafting_table":43,"minecraft:open_barrel":5,"minecraft:interact_with_campfire":16,"minecraft:bell_ring":1,"minecraft:time_since_death":92957,"minecraft:climb_one_cm":2645,"minecraft:sprint_one_cm":326433,"minecraft:walk_one_cm":986986,"minecraft:damage_blocked_by_shield":1290,"minecraft:drop":57,"minecraft:talked_to_villager":15,"minecraft:play_time":231654,"minecraft:deaths":7,"minecraft:sneak_time":11639,"minecraft:walk_under_water_one_cm":7409,"minecraft:jump":2802,"minecraft:interact_with_blast_furnace":4,"minecraft:walk_on_water_one_cm":15676,"minecraft:total_world_time":231654,"minecraft:interact_with_furnace":43,"spartanshields:shield_bash_hits":3,"tombstone:raider_killed":7,"minecraft:sleep_in_bed":10,"minecraft:time_since_rest":13058,"minecraft:damage_taken":4497,"minecraft:damage_dealt":5596,"minecraft:swim_one_cm":5290,"minecraft:fly_one_cm":563249,"minecraft:open_chest":99,"minecraft:crouch_one_cm":51220,"tombstone:undead_killed":9,"minecraft:fall_one_cm":68971},"minecraft:picked_up":{"minecraft:charcoal":4,"minecraft:crafting_table":11,"minecraft:golden_pickaxe":1,"minecraft:brown_mushroom":12,"pneumaticcraft:reinforced_chest":21,"minecraft:shield":1,"minecraft:string":2,"minecraft:dead_tube_coral_block":2,"minecraft:item_frame":5,"minecraft:armor_stand":1,"biomesoplenty:dead_sapling":3,"minecraft:spruce_planks":1177,"minecraft:beef":5,"minecraft:spruce_slab":2,"pneumaticcraft:dispenser_upgrade":2,"minecraft:sugar_cane":11,"minecraft:chest":16,"minecraft:furnace":3,"minecraft:stick":20,"minecraft:raw_iron":18,"pneumaticcraft:pneumatic_wrench":2,"minecraft:torch":20,"minecraft:spruce_stairs":2,"minecraft:porkchop":20,"tombstone:grave_dust":6,"pneumaticcraft:pressure_tube":4,"artifacts:everlasting_beef":1,"minecraft:arrow":9,"minecraft:rotten_flesh":3,"minecraft:tropical_fish":1,"minecraft:pumpkin_pie":7,"minecraft:hay_block":18,"pneumaticcraft:charging_station":2,"minecraft:gold_ingot":5,"biomesoplenty:white_petals":7,"minecraft:mutton":7,"minecraft:snowball":5,"minecraft:white_wool":8,"minecraft:cobblestone":110,"minecraft:cherry_planks":92,"minecraft:leather":10,"biomesoplenty:dead_stairs":91,"minecraft:smoker":2,"biomesoplenty:dead_log":5,"biomesoplenty:fir_log":4,"alexsmobs:bear_fur":1,"pneumaticcraft:air_compressor":2,"minecraft:oak_log":5,"pneumaticcraft:display_table":4,"minecraft:dirt":166,"minecraft:blue_bed":2,"farmersdelight:organic_compost":3,"biomesoplenty:snowblossom_sapling":13,"minecraft:cooked_mutton":3,"minecraft:bone":3,"minecraft:chipped_anvil":4,"minecraft:wheat_seeds":5,"minecraft:iron_ingot":5,"pneumaticcraft:omnidirectional_hopper":2,"minecraft:flowering_azalea":1,"minecraft:oak_planks":1,"minecraft:cooked_porkchop":4,"minecraft:pumpkin":2,"minecraft:gravel":2,"biomesoplenty:dead_planks":185,"minecraft:sand":94,"minecraft:spruce_sapling":22,"minecraft:blast_furnace":6,"minecraft:ink_sac":3,"minecraft:grass_block":20,"minecraft:white_bed":6,"minecraft:spruce_log":69,"minecraft:spider_eye":1,"minecraft:purple_bed":5,"minecraft:stone_axe":1,"pneumaticcraft:aphorism_tile":3,"minecraft:crossbow":1,"minecraft:spruce_sign":11,"minecraft:emerald":9,"minecraft:bread":9,"minecraft:oak_sapling":2,"minecraft:dark_oak_fence":1,"minecraft:coal":59},"minecraft:broken":{"minecraft:stone_sword":1,"minecraft:golden_shovel":1,"minecraft:iron_axe":1,"minecraft:stone_axe":2,"minecraft:stone_shovel":1},"minecraft:mined":{"minecraft:spruce_planks":437,"minecraft:white_bed":5,"pneumaticcraft:reinforced_chest":21,"connectedglass:borderless_glass":3,"biomesoplenty:desert_grass":1,"pneumaticcraft:pressure_tube":4,"biomesoplenty:dead_leaves":8,"minecraft:dark_oak_fence":2,"minecraft:grass_block":99,"biomesoplenty:white_petals":3,"minecraft:spruce_leaves":18,"biomesoplenty:dead_grass":3,"minecraft:large_fern":2,"minecraft:hay_block":18,"minecraft:furnace":4,"minecraft:iron_ore":18,"minecraft:snow":5,"pneumaticcraft:display_table":4,"minecraft:pumpkin":2,"minecraft:stone":84,"minecraft:spruce_slab":2,"pneumaticcraft:charging_station":2,"minecraft:brown_mushroom":1,"minecraft:cherry_planks":16,"farmersdelight:organic_compost":1,"minecraft:smoker":2,"pneumaticcraft:air_compressor":2,"minecraft:powder_snow":81,"minecraft:crafting_table":12,"minecraft:torch":5,"minecraft:emerald_ore":2,"minecraft:blast_furnace":6,"biomesoplenty:snowblossom_leaves":4,"minecraft:chest":13,"biomesoplenty:dead_stairs":91,"minecraft:campfire":1,"farmersdelight:brown_mushroom_colony":1,"minecraft:cobblestone":3,"pneumaticcraft:aphorism_tile":3,"minecraft:oak_planks":1,"minecraft:sugar_cane":2,"minecraft:blue_bed":2,"minecraft:wall_torch":11,"minecraft:spruce_stairs":1,"minecraft:purple_bed":5,"biomesoplenty:snowblossom_sapling":2,"minecraft:spruce_log":69,"pneumaticcraft:omnidirectional_hopper":2,"biomesoplenty:fir_log":4,"minecraft:grass":43,"biomesoplenty:dead_log":5,"minecraft:oak_log":5,"minecraft:coal_ore":16,"minecraft:gravel":2,"minecraft:sand":95,"minecraft:dirt":89,"biomesoplenty:dead_planks":18,"minecraft:chipped_anvil":4,"minecraft:fern":7},"minecraft:crafted":{"artifacts:eternal_steak":1,"minecraft:oak_planks":20,"minecraft:stone_shovel":2,"minecraft:furnace":5,"connectedglass:borderless_glass":92,"minecraft:cooked_mutton":4,"biomesoplenty:dead_stairs":36,"minecraft:glass":94,"minecraft:iron_axe":2,"minecraft:spruce_slab":12,"minecraft:stone_pickaxe":1,"minecraft:chest":12,"minecraft:smoker":1,"minecraft:wheat":63,"biomesoplenty:dead_door":3,"minecraft:cooked_beef":4,"biomesoplenty:dead_planks":16,"minecraft:item_frame":4,"minecraft:crafting_table":2,"minecraft:spruce_planks":304,"minecraft:wooden_pickaxe":1,"minecraft:iron_sword":1,"minecraft:bucket":1,"minecraft:stone_axe":3,"simplyswords:iron_greathammer":1,"minecraft:bread":21,"minecraft:air":0,"minecraft:iron_chestplate":1,"minecraft:shield":2,"minecraft:stick":58,"minecraft:iron_ingot":20,"minecraft:iron_pickaxe":2,"minecraft:stone_sword":1,"minecraft:iron_leggings":1,"minecraft:white_bed":2,"minecraft:torch":48},"minecraft:killed_by":{"alexsmobs:tusklin":1,"alexsmobs:bald_eagle":1,"minecraft:skeleton":3,"minecraft:zombie":1,"alexsmobs:grizzly_bear":1},"minecraft:used":{"minecraft:stone_sword":141,"minecraft:armor_stand":2,"minecraft:spruce_slab":6,"minecraft:stone_shovel":173,"minecraft:chest":24,"minecraft:spruce_planks":1437,"minecraft:shield":22,"minecraft:iron_sword":5,"pneumaticcraft:reinforced_chest":21,"minecraft:iron_chestplate":1,"minecraft:torch":66,"minecraft:dirt":240,"minecraft:golden_shovel":32,"biomesoplenty:snowblossom_sapling":2,"minecraft:chipped_anvil":4,"minecraft:grass_block":7,"minecraft:iron_axe":407,"biomesoplenty:dead_stairs":114,"biomesoplenty:white_petals":7,"connectedglass:borderless_glass":87,"minecraft:item_frame":9,"artifacts:everlasting_beef":1,"minecraft:furnace":7,"tombstone:gift":3,"minecraft:iron_leggings":1,"minecraft:cooked_mutton":5,"minecraft:water_bucket":1,"minecraft:oak_planks":1,"minecraft:stone_pickaxe":53,"minecraft:wooden_pickaxe":14,"minecraft:cherry_planks":16,"artifacts:eternal_steak":31,"minecraft:blue_bed":2,"farmersdelight:organic_compost":1,"minecraft:white_wool":2,"minecraft:golden_hoe":20,"minecraft:crafting_table":13,"minecraft:blast_furnace":3,"minecraft:crossbow":2,"biomesoplenty:dead_planks":106,"minecraft:white_bed":7,"minecraft:smoker":3,"simplyswords:iron_greathammer":2,"minecraft:firework_rocket":4,"minecraft:iron_pickaxe":121,"minecraft:gravel":2,"minecraft:spruce_sapling":13,"pneumaticcraft:aphorism_tile":1,"minecraft:stone_axe":293,"biomesoplenty:dead_door":3,"minecraft:purple_bed":5,"minecraft:bucket":2,"alexsmobs:animal_dictionary":1,"biomesoplenty:fir_log":4},"minecraft:killed":{"minecraft:spider":1,"creeperoverhaul:snowy_creeper":2,"minecraft:skeleton":4,"minecraft:pig":10,"minecraft:squid":1,"minecraft:sheep":4,"minecraft:pillager":5,"minecraft:zombie":5,"minecraft:cow":5}},"DataVersion":3465}