{"stats":{"minecraft:dropped":{"biomesoplenty:fir_log":5,"biomesoplenty:umbran_planks":13,"minecraft:iron_sword":1,"minecraft:moss_block":5,"minecraft:brown_mushroom":9,"minecraft:porkchop":2,"minecraft:crafting_table":2,"minecraft:crossbow":1,"minecraft:lantern":3,"minecraft:leather":9,"minecraft:iron_horse_armor":1,"minecraft:mossy_cobblestone_wall":1,"minecraft:rail":10,"farmersdelight:rice":9,"minecraft:red_carpet":27,"minecraft:cobblestone_stairs":2,"minecraft:emerald":6,"minecraft:stripped_warped_hyphae":11,"minecraft:dirt":49,"minecraft:stone_button":2,"minecraft:snowball":2,"minecraft:iron_pickaxe":2,"minecraft:dark_oak_planks":1,"alexsmobs:raccoon_tail":1,"minecraft:white_wool":2,"minecraft:cyan_carpet":1,"minecraft:gold_ingot":5,"minecraft:stone_axe":1,"minecraft:wheat":3,"minecraft:andesite_slab":1,"minecraft:stripped_dark_oak_log":1,"minecraft:rotten_flesh":16,"minecraft:pink_carpet":4,"biomesoplenty:white_petals":4,"minecraft:gunpowder":5,"minecraft:chest":9,"minecraft:spruce_wood":2,"minecraft:arrow":5,"minecraft:stone_brick_stairs":1,"minecraft:polished_granite":1,"minecraft:iron_ingot":4,"minecraft:magenta_carpet":6,"biomesoplenty:dead_planks":167,"minecraft:wheat_seeds":2,"minecraft:lilac":1,"minecraft:mossy_cobblestone":3,"minecraft:iron_helmet":1,"minecraft:cobblestone":88,"minecraft:prismarine_crystals":6,"minecraft:book":9,"minecraft:apple":12,"minecraft:grass_block":1,"minecraft:coal":4,"minecraft:diamond_horse_armor":1,"minecraft:gray_wool":2,"minecraft:diorite":5,"minecraft:melon_slice":5,"farmersdelight:organic_compost":1,"minecraft:cherry_planks":76,"tombstone:grave_dust":1,"minecraft:iron_leggings":1,"minecraft:flowering_azalea":1,"minecraft:mossy_cobblestone_stairs":2,"minecraft:paper":3,"minecraft:string":2,"minecraft:gray_carpet":2,"minecraft:spruce_sapling":5,"minecraft:redstone":3,"minecraft:moss_carpet":2,"tombstone:familiar_stone":1,"minecraft:sweet_berries":48,"minecraft:iron_boots":1,"minecraft:potato":18,"minecraft:cobblestone_slab":1,"simplyswords:iron_scythe":1,"biomesoplenty:fir_planks":3,"minecraft:spruce_planks":785,"minecraft:iron_chestplate":1,"minecraft:andesite":3,"minecraft:oak_sapling":2,"minecraft:andesite_stairs":1,"minecraft:stone_bricks":4,"minecraft:barrel":13,"minecraft:spider_eye":1,"minecraft:bow":1,"minecraft:wooden_pickaxe":1,"minecraft:black_wool":1},"minecraft:custom":{"minecraft:interact_with_crafting_table":38,"minecraft:open_barrel":32,"minecraft:bell_ring":15,"minecraft:eat_cake_slice":7,"minecraft:leave_game":1,"minecraft:time_since_death":40457,"minecraft:sprint_one_cm":699920,"minecraft:damage_blocked_by_shield":4760,"minecraft:drop":155,"minecraft:talked_to_villager":23,"minecraft:play_time":409941,"minecraft:deaths":41,"minecraft:jump":5966,"minecraft:walk_on_water_one_cm":120126,"minecraft:interact_with_furnace":35,"minecraft:interact_with_cartography_table":1,"minecraft:interact_with_loom":2,"minecraft:sleep_in_bed":16,"minecraft:damage_dealt":26526,"minecraft:player_kills":2,"minecraft:crouch_one_cm":5046,"tombstone:undead_killed":39,"minecraft:interact_with_smoker":7,"minecraft:interact_with_anvil":1,"minecraft:mob_kills":146,"minecraft:interact_with_campfire":17,"minecraft:climb_one_cm":2366,"minecraft:walk_one_cm":1795633,"minecraft:sneak_time":2214,"minecraft:walk_under_water_one_cm":42850,"minecraft:boat_one_cm":498116,"minecraft:interact_with_blast_furnace":56,"minecraft:total_world_time":409941,"spartanshields:shield_bash_hits":17,"tombstone:raider_killed":50,"minecraft:interact_with_stonecutter":1,"minecraft:time_since_rest":11970,"minecraft:damage_taken":17302,"tombstone:cast_on_ally":0,"minecraft:swim_one_cm":17667,"minecraft:fly_one_cm":1353545,"minecraft:open_chest":277,"minecraft:fall_one_cm":335495},"minecraft:picked_up":{"minecraft:iron_chestplate":2,"minecraft:wheat":7,"minecraft:redstone_block":7,"minecraft:flower_pot":1,"minecraft:magenta_carpet":6,"minecraft:enchanted_book":1,"minecraft:stone_brick_stairs":1,"biomesoplenty:rainbow_birch_sapling":12,"minecraft:raw_copper":58,"minecraft:dead_tube_coral_block":2,"minecraft:string":89,"minecraft:armor_stand":2,"minecraft:sea_pickle":6,"biomesoplenty:dead_sapling":5,"minecraft:gold_nugget":2,"minecraft:cobbled_deepslate":39,"minecraft:spruce_planks":30,"minecraft:cobblestone_slab":1,"minecraft:iron_pickaxe":3,"alexsmobs:raccoon_tail":1,"minecraft:melon_slice":471,"minecraft:coal_block":58,"minecraft:furnace":2,"minecraft:stick":48,"minecraft:torch":9,"minecraft:pink_carpet":4,"minecraft:porkchop":15,"minecraft:cherry_log":91,"tombstone:grave_dust":4,"minecraft:diorite":5,"minecraft:cauldron":1,"minecraft:rotten_flesh":25,"biomesoplenty:white_petals":4,"minecraft:iron_bars":2,"minecraft:snowball":2,"minecraft:cobblestone":116,"minecraft:birch_log":14,"minecraft:lilac":1,"minecraft:cooked_beef":6,"minecraft:feather":6,"farmersdelight:rice":9,"minecraft:andesite":8,"minecraft:brown_wool":1,"minecraft:potato":18,"biomesoplenty:dead_log":43,"biomesoplenty:fir_log":8,"paraglider:spirit_orb":12,"minecraft:flint":4,"minecraft:dirt":218,"minecraft:lapis_lazuli":56,"minecraft:lantern":3,"minecraft:polished_granite":1,"biomesoplenty:snowblossom_sapling":22,"minecraft:bone":25,"minecraft:bow":1,"minecraft:wheat_seeds":15,"biomesoplenty:fir_boat":3,"minecraft:raw_gold":25,"minecraft:moss_block":5,"minecraft:prismarine":2,"minecraft:cooked_porkchop":29,"minecraft:axolotl_bucket":1,"sophisticatedbackpacks:iron_backpack":1,"minecraft:grass_block":1,"minecraft:barrel":13,"minecraft:mossy_cobblestone":3,"minecraft:bundle":1,"minecraft:polished_andesite":4,"minecraft:spruce_fence_gate":5,"tombstone:familiar_stone":1,"minecraft:soul_lantern":1,"minecraft:crossbow":2,"minecraft:spruce_sign":11,"minecraft:bread":25,"minecraft:emerald":77,"minecraft:light_gray_carpet":1,"minecraft:oak_sapling":2,"minecraft:dark_oak_fence":11,"minecraft:andesite_slab":1,"minecraft:charcoal":3,"minecraft:mud":17,"minecraft:crafting_table":3,"pneumaticcraft:compressed_iron_leggings":1,"minecraft:stripped_warped_hyphae":9,"minecraft:chicken":4,"minecraft:clay_ball":48,"minecraft:brown_mushroom":9,"minecraft:gold_block":12,"minecraft:diamond_horse_armor":1,"minecraft:chain":1,"minecraft:shield":1,"minecraft:moss_carpet":2,"minecraft:iron_axe":3,"minecraft:item_frame":1,"minecraft:iron_shovel":1,"minecraft:cyan_carpet":1,"minecraft:mossy_cobblestone_wall":1,"minecraft:beef":40,"minecraft:andesite_stairs":1,"minecraft:lectern":1,"minecraft:sugar_cane":26,"minecraft:chest":9,"minecraft:dark_oak_sapling":1,"minecraft:raw_iron":82,"minecraft:raw_gold_block":17,"minecraft:spruce_fence":4,"minecraft:stone_button":2,"minecraft:redstone":49,"minecraft:prismarine_crystals":6,"minecraft:iron_horse_armor":1,"minecraft:dark_oak_planks":17,"minecraft:tnt":4,"minecraft:arrow":42,"simplyswords:iron_scythe":2,"minecraft:hay_block":23,"minecraft:totem_of_undying":4,"minecraft:gold_ingot":5,"minecraft:mutton":7,"minecraft:skeleton_skull":1,"minecraft:white_wool":4,"minecraft:rail":15,"minecraft:leather":26,"minecraft:cobblestone_stairs":2,"artifacts:cloud_in_a_bottle":1,"minecraft:blue_bed":7,"minecraft:paper":6,"minecraft:cooked_mutton":9,"farmersdelight:organic_compost":1,"minecraft:red_carpet":65,"minecraft:gray_carpet":5,"minecraft:apple":9,"minecraft:stone_bricks":4,"minecraft:spruce_wood":2,"minecraft:iron_ingot":1,"minecraft:cooked_chicken":4,"aquaculture:minnow":1,"biomesoplenty:umbran_log":4,"minecraft:iron_sword":1,"minecraft:flowering_azalea":1,"minecraft:book":76,"minecraft:emerald_block":2,"minecraft:sweet_berries":96,"minecraft:raw_iron_block":4,"minecraft:gravel":13,"minecraft:blast_furnace":1,"minecraft:spruce_sapling":41,"minecraft:white_bed":4,"minecraft:spruce_log":207,"minecraft:spruce_door":1,"minecraft:spider_eye":2,"minecraft:dried_kelp_block":24,"minecraft:stone_axe":1,"minecraft:iron_helmet":2,"minecraft:mossy_cobblestone_stairs":2,"minecraft:gray_wool":2,"tombstone:magic_scroll":1,"minecraft:stripped_dark_oak_log":2,"minecraft:black_wool":1,"minecraft:coal":87,"minecraft:ender_pearl":1},"minecraft:broken":{"minecraft:stone_axe":1,"minecraft:stone_shovel":1,"minecraft:iron_helmet":1},"minecraft:mined":{"minecraft:dark_oak_planks":3,"minecraft:white_bed":4,"minecraft:andesite_stairs":1,"minecraft:sculk_vein":7,"minecraft:cobblestone_stairs":2,"minecraft:cherry_log":91,"biomesoplenty:dead_leaves":9,"minecraft:granite":1,"minecraft:grass_block":123,"minecraft:dead_tube_coral_block":2,"minecraft:coal_block":58,"minecraft:blue_wool":8,"minecraft:stripped_warped_hyphae":8,"minecraft:spawner":4,"minecraft:raw_iron_block":4,"minecraft:mossy_cobblestone_stairs":3,"minecraft:iron_ore":59,"minecraft:barrel":9,"minecraft:deepslate_lapis_ore":9,"diagonalfences:minecraft/spruce_fence":1,"diagonalfences:minecraft/dark_oak_fence":1,"minecraft:water_cauldron":1,"minecraft:oak_stairs":2,"minecraft:iron_bars":2,"minecraft:black_candle":1,"minecraft:spruce_wood":2,"minecraft:deepslate_redstone_ore":8,"minecraft:brown_mushroom":8,"minecraft:red_bed":1,"farmersdelight:organic_compost":1,"minecraft:torch":1,"minecraft:powder_snow":75,"minecraft:clay":12,"minecraft:blast_furnace":1,"minecraft:mossy_cobblestone_wall":1,"minecraft:melon":91,"minecraft:chest":9,"minecraft:cobblestone":13,"minecraft:prismarine":2,"minecraft:sugar_cane":12,"minecraft:wall_torch":1,"minecraft:skeleton_skull":1,"minecraft:cyan_wool":7,"minecraft:chain":1,"minecraft:red_candle":1,"minecraft:mud":18,"minecraft:birch_log":14,"minecraft:wheat":4,"minecraft:lilac":1,"minecraft:tnt":1,"minecraft:stone_brick_stairs":1,"biomesoplenty:umbran_log":4,"biomesoplenty:fir_log":8,"minecraft:grass":13,"biomesoplenty:dead_log":43,"minecraft:loom":2,"minecraft:dirt":54,"minecraft:deepslate":37,"minecraft:emerald_block":2,"minecraft:tuff":1,"minecraft:light_blue_wool":8,"minecraft:mossy_cobblestone":7,"minecraft:sea_lantern":1,"minecraft:dark_oak_fence":12,"minecraft:spruce_fence":3,"biomesoplenty:white_petals":2,"minecraft:redstone_wire":4,"minecraft:lime_wool":6,"minecraft:spruce_leaves":43,"biomesoplenty:dead_grass":1,"minecraft:moss_block":5,"minecraft:large_fern":1,"minecraft:hay_block":25,"minecraft:redstone_ore":5,"minecraft:potted_dark_oak_sapling":1,"minecraft:furnace":1,"minecraft:raw_gold_block":17,"minecraft:snow":2,"minecraft:andesite":24,"minecraft:stripped_spruce_log":1,"minecraft:gold_block":12,"minecraft:bookshelf":22,"biomesoplenty:high_grass":4,"minecraft:cobblestone_slab":1,"biomesoplenty:rainbow_birch_leaves":3,"minecraft:deepslate_iron_ore":25,"minecraft:stone":120,"minecraft:white_wool":7,"minecraft:green_wool":1,"minecraft:podzol":15,"minecraft:redstone_block":7,"minecraft:flowering_azalea":1,"minecraft:red_wool":5,"minecraft:stripped_dark_oak_log":2,"minecraft:polished_granite":1,"minecraft:crafting_table":2,"minecraft:emerald_ore":1,"biomesoplenty:snowblossom_leaves":37,"minecraft:andesite_slab":1,"minecraft:lectern":1,"minecraft:campfire":1,"biomesoplenty:high_grass_plant":4,"minecraft:tall_grass":3,"minecraft:copper_ore":16,"minecraft:deepslate_coal_ore":2,"minecraft:dried_kelp_block":24,"minecraft:lapis_ore":2,"minecraft:deepslate_gold_ore":22,"minecraft:sculk":11,"minecraft:diorite":10,"minecraft:blue_bed":7,"minecraft:spruce_stairs":1,"minecraft:sea_pickle":2,"minecraft:sweet_berry_bush":21,"minecraft:spruce_log":208,"minecraft:birch_leaves":1,"minecraft:black_wool":4,"minecraft:coal_ore":79,"minecraft:gravel":17,"minecraft:gray_carpet":2,"minecraft:cobweb":89,"minecraft:polished_andesite":2,"minecraft:spruce_fence_gate":8,"minecraft:stone_bricks":1,"minecraft:gold_ore":4,"minecraft:fern":26},"minecraft:crafted":{"spartanshields:wooden_tower_shield":1,"minecraft:cooked_mutton":7,"minecraft:iron_boots":1,"minecraft:crafting_table":2,"minecraft:spruce_planks":848,"minecraft:wooden_pickaxe":1,"minecraft:baked_potato":4,"spartanshields:iron_tower_shield":1,"minecraft:iron_helmet":2,"minecraft:birch_planks":56,"simplyswords:iron_scythe":1,"biomesoplenty:fir_planks":10,"minecraft:iron_chestplate":1,"minecraft:shield":1,"minecraft:stick":76,"minecraft:iron_ingot":111,"minecraft:iron_pickaxe":2,"minecraft:stone_sword":2,"minecraft:gold_ingot":20,"minecraft:spruce_fence_gate":10,"minecraft:cherry_planks":364,"minecraft:stone_shovel":2,"minecraft:raw_iron":36,"minecraft:coal":9,"minecraft:leather_leggings":1,"minecraft:spruce_fence":9,"minecraft:iron_axe":1,"minecraft:stone_pickaxe":1,"minecraft:cooked_beef":4,"biomesoplenty:umbran_planks":16,"biomesoplenty:dead_planks":172,"biomesoplenty:fir_boat":1,"minecraft:iron_sword":2,"minecraft:stone_axe":2,"minecraft:air":0,"pneumaticcraft:compressed_iron_leggings":1,"minecraft:iron_shovel":2,"minecraft:torch":94},"minecraft:used":{"minecraft:iron_shovel":69,"minecraft:shield":26,"minecraft:iron_sword":472,"minecraft:iron_chestplate":1,"minecraft:axolotl_bucket":3,"minecraft:iron_helmet":1,"minecraft:item_frame":1,"simplyswords:iron_scythe":62,"minecraft:furnace":2,"minecraft:cooked_cod":1,"minecraft:spruce_door":1,"minecraft:gray_carpet":2,"minecraft:stone_pickaxe":36,"biomesoplenty:fir_boat":3,"minecraft:wooden_pickaxe":17,"minecraft:blue_bed":7,"minecraft:sugar_cane":4,"biomesoplenty:rainbow_birch_sapling":12,"minecraft:blast_furnace":4,"biomesoplenty:dead_planks":5,"minecraft:lingering_potion":1,"minecraft:shears":41,"biomesoplenty:umbran_planks":3,"minecraft:firework_rocket":2,"minecraft:melon_slice":18,"minecraft:bread":35,"minecraft:gravel":9,"minecraft:dark_oak_fence":2,"minecraft:stone_sword":258,"minecraft:stone_shovel":297,"minecraft:cooked_chicken":8,"minecraft:torch":99,"minecraft:dirt":21,"biomesoplenty:snowblossom_sapling":32,"minecraft:spruce_fence":6,"minecraft:iron_axe":319,"tombstone:gift":7,"minecraft:cooked_beef":10,"minecraft:wheat_seeds":4,"minecraft:cooked_mutton":9,"minecraft:water_bucket":18,"tombstone:scroll_of_reach":1,"minecraft:baked_potato":4,"minecraft:spruce_fence_gate":8,"spartanshields:iron_tower_shield":40,"minecraft:crafting_table":3,"minecraft:white_bed":3,"tombstone:tablet_of_home":1,"minecraft:spruce_log":4,"minecraft:flower_pot":1,"minecraft:apple":8,"minecraft:iron_pickaxe":553,"minecraft:spruce_sapling":36,"minecraft:stone_axe":350,"minecraft:cobblestone":10,"minecraft:cooked_porkchop":22,"minecraft:bucket":21,"minecraft:pumpkin_pie":1,"biomesoplenty:dead_sapling":2,"tombstone:scroll_of_unstable_intangibility":1},"minecraft:killed_by":{"minecraft:evoker":2,"minecraft:pillager":1,"minecraft:vindicator":21,"minecraft:cave_spider":1,"minecraft:zombie":3,"alexsmobs:grizzly_bear":1,"minecraft:vex":3,"minecraft:player":2,"minecraft:spider":1,"minecraft:skeleton":4,"alexsmobs:moose":1},"minecraft:killed":{"minecraft:cave_spider":1,"minecraft:witch":1,"minecraft:spider":12,"endermanoverhaul:dark_oak_enderman":1,"alexsmobs:bald_eagle":2,"minecraft:skeleton":12,"minecraft:chicken":4,"minecraft:pig":6,"minecraft:zombie_villager":1,"minecraft:creeper":1,"minecraft:sheep":3,"minecraft:trader_llama":1,"minecraft:pillager":17,"aquaculture:minnow":1,"minecraft:zombie":26,"alexsmobs:fly":1,"minecraft:cow":18,"minecraft:evoker":3,"minecraft:vex":5,"alexsmobs:raccoon":1,"minecraft:vindicator":27,"creeperoverhaul:snowy_creeper":1}},"DataVersion":3465}