{"stats":{"minecraft:dropped":{"minecraft:iron_ingot":4,"biomesoplenty:dead_planks":167,"minecraft:moss_block":5,"minecraft:wheat_seeds":2,"minecraft:mossy_cobblestone":2,"minecraft:cobblestone":24,"minecraft:lantern":3,"minecraft:leather":8,"minecraft:mossy_cobblestone_wall":1,"minecraft:grass_block":1,"minecraft:emerald":6,"minecraft:cobblestone_stairs":2,"minecraft:dirt":9,"minecraft:gray_wool":2,"minecraft:diorite":2,"minecraft:stone_button":2,"farmersdelight:organic_compost":1,"minecraft:cherry_planks":76,"minecraft:flowering_azalea":1,"minecraft:mossy_cobblestone_stairs":2,"minecraft:white_wool":2,"alexsmobs:raccoon_tail":1,"minecraft:spruce_sapling":5,"minecraft:gold_ingot":5,"minecraft:moss_carpet":2,"minecraft:andesite_slab":1,"minecraft:rotten_flesh":14,"biomesoplenty:white_petals":4,"minecraft:cobblestone_slab":1,"minecraft:spruce_planks":785,"minecraft:andesite_stairs":1,"minecraft:spruce_wood":2,"minecraft:wooden_pickaxe":1,"minecraft:polished_granite":1,"minecraft:black_wool":1},"minecraft:custom":{"minecraft:mob_kills":58,"minecraft:interact_with_crafting_table":15,"minecraft:open_barrel":14,"minecraft:interact_with_campfire":17,"minecraft:bell_ring":15,"minecraft:leave_game":1,"minecraft:time_since_death":4678,"minecraft:climb_one_cm":1963,"minecraft:sprint_one_cm":337689,"minecraft:walk_one_cm":686949,"minecraft:damage_blocked_by_shield":1855,"minecraft:drop":63,"minecraft:talked_to_villager":21,"minecraft:play_time":163941,"minecraft:deaths":8,"minecraft:sneak_time":1462,"minecraft:walk_under_water_one_cm":20325,"minecraft:boat_one_cm":227809,"minecraft:jump":2959,"minecraft:interact_with_blast_furnace":37,"minecraft:walk_on_water_one_cm":21274,"minecraft:total_world_time":163941,"minecraft:interact_with_furnace":32,"spartanshields:shield_bash_hits":15,"tombstone:raider_killed":4,"minecraft:interact_with_cartography_table":1,"minecraft:interact_with_loom":1,"minecraft:sleep_in_bed":9,"minecraft:time_since_rest":3725,"minecraft:damage_taken":4270,"minecraft:damage_dealt":9076,"minecraft:swim_one_cm":9474,"minecraft:fly_one_cm":477446,"minecraft:open_chest":56,"minecraft:crouch_one_cm":3105,"tombstone:undead_killed":26,"minecraft:interact_with_smoker":5,"minecraft:fall_one_cm":84877},"minecraft:picked_up":{"minecraft:charcoal":2,"minecraft:crafting_table":2,"minecraft:wheat":4,"minecraft:chicken":4,"minecraft:clay_ball":48,"minecraft:brown_mushroom":5,"minecraft:chain":1,"minecraft:shield":1,"biomesoplenty:rainbow_birch_sapling":6,"minecraft:string":4,"minecraft:dead_tube_coral_block":2,"minecraft:moss_carpet":2,"minecraft:iron_axe":1,"minecraft:raw_copper":58,"minecraft:item_frame":1,"minecraft:armor_stand":2,"biomesoplenty:dead_sapling":5,"minecraft:spruce_planks":30,"minecraft:mossy_cobblestone_wall":1,"minecraft:beef":15,"minecraft:andesite_stairs":1,"minecraft:cobblestone_slab":1,"minecraft:iron_pickaxe":1,"alexsmobs:raccoon_tail":1,"minecraft:coal_block":1,"minecraft:sugar_cane":9,"minecraft:furnace":2,"minecraft:stick":39,"minecraft:raw_iron":22,"minecraft:porkchop":13,"minecraft:cherry_log":19,"minecraft:stone_button":2,"tombstone:grave_dust":2,"minecraft:diorite":2,"minecraft:prismarine_crystals":3,"minecraft:arrow":6,"minecraft:rotten_flesh":25,"biomesoplenty:white_petals":4,"minecraft:mutton":7,"minecraft:rail":5,"minecraft:white_wool":2,"minecraft:cobblestone":51,"minecraft:birch_log":14,"minecraft:feather":6,"minecraft:cooked_beef":6,"minecraft:andesite":3,"minecraft:brown_wool":1,"minecraft:leather":15,"biomesoplenty:dead_log":43,"minecraft:flint":4,"artifacts:cloud_in_a_bottle":1,"minecraft:cobblestone_stairs":2,"minecraft:dirt":146,"minecraft:blue_bed":7,"minecraft:lantern":3,"minecraft:polished_granite":1,"farmersdelight:organic_compost":1,"minecraft:cooked_mutton":2,"minecraft:bone":2,"minecraft:wheat_seeds":13,"minecraft:spruce_wood":2,"minecraft:iron_ingot":1,"minecraft:cooked_chicken":4,"aquaculture:minnow":1,"minecraft:moss_block":5,"minecraft:flowering_azalea":1,"minecraft:book":3,"minecraft:cooked_porkchop":29,"minecraft:axolotl_bucket":1,"minecraft:raw_iron_block":4,"minecraft:gravel":13,"minecraft:spruce_sapling":41,"minecraft:blast_furnace":1,"minecraft:grass_block":1,"minecraft:white_bed":1,"minecraft:spruce_log":187,"minecraft:mossy_cobblestone":2,"minecraft:spider_eye":1,"minecraft:bundle":1,"minecraft:stone_axe":1,"minecraft:soul_lantern":1,"minecraft:crossbow":1,"minecraft:gray_wool":2,"minecraft:mossy_cobblestone_stairs":2,"minecraft:spruce_sign":11,"minecraft:emerald":2,"minecraft:bread":22,"tombstone:magic_scroll":1,"minecraft:black_wool":1,"minecraft:dark_oak_fence":1,"minecraft:coal":35,"minecraft:andesite_slab":1,"minecraft:ender_pearl":1},"minecraft:broken":{"minecraft:stone_axe":1,"minecraft:stone_shovel":1},"minecraft:mined":{"minecraft:white_bed":1,"minecraft:mossy_cobblestone":2,"minecraft:andesite_stairs":1,"minecraft:cherry_log":19,"minecraft:cobblestone_stairs":2,"minecraft:sea_lantern":1,"biomesoplenty:dead_leaves":9,"minecraft:dark_oak_fence":2,"minecraft:grass_block":120,"minecraft:dead_tube_coral_block":2,"biomesoplenty:white_petals":2,"minecraft:coal_block":1,"minecraft:spruce_leaves":31,"biomesoplenty:dead_grass":1,"minecraft:moss_block":5,"minecraft:large_fern":1,"minecraft:raw_iron_block":4,"minecraft:furnace":1,"minecraft:mossy_cobblestone_stairs":3,"minecraft:iron_ore":22,"minecraft:andesite":3,"minecraft:stripped_spruce_log":1,"minecraft:bookshelf":1,"biomesoplenty:rainbow_birch_leaves":3,"minecraft:cobblestone_slab":1,"minecraft:spruce_wood":2,"minecraft:stone":39,"minecraft:podzol":1,"minecraft:flowering_azalea":1,"minecraft:brown_mushroom":5,"farmersdelight:organic_compost":1,"minecraft:polished_granite":1,"minecraft:powder_snow":75,"minecraft:clay":12,"minecraft:crafting_table":1,"minecraft:blast_furnace":1,"minecraft:emerald_ore":1,"minecraft:mossy_cobblestone_wall":1,"biomesoplenty:snowblossom_leaves":3,"minecraft:andesite_slab":1,"minecraft:campfire":1,"minecraft:copper_ore":16,"minecraft:tall_grass":2,"minecraft:cobblestone":11,"minecraft:sugar_cane":3,"minecraft:diorite":2,"minecraft:blue_bed":7,"minecraft:chain":1,"minecraft:birch_log":14,"minecraft:wheat":4,"minecraft:spruce_log":187,"minecraft:birch_leaves":1,"minecraft:grass":9,"biomesoplenty:dead_log":43,"minecraft:coal_ore":34,"minecraft:gravel":17,"minecraft:dirt":39,"minecraft:fern":22},"minecraft:crafted":{"minecraft:cherry_planks":76,"minecraft:raw_iron":36,"minecraft:coal":9,"minecraft:stone_shovel":2,"minecraft:leather_leggings":1,"minecraft:cooked_mutton":7,"minecraft:stone_pickaxe":1,"minecraft:cooked_beef":4,"biomesoplenty:dead_planks":172,"minecraft:crafting_table":1,"minecraft:spruce_planks":768,"minecraft:baked_potato":4,"minecraft:wooden_pickaxe":1,"minecraft:stone_axe":2,"minecraft:air":0,"minecraft:stick":12,"minecraft:iron_ingot":55,"pneumaticcraft:compressed_iron_leggings":1,"minecraft:stone_sword":2},"minecraft:killed_by":{"minecraft:spider":1,"minecraft:skeleton":2,"minecraft:zombie":2,"alexsmobs:grizzly_bear":1,"alexsmobs:moose":1},"minecraft:used":{"minecraft:stone_sword":228,"minecraft:stone_shovel":259,"minecraft:shield":26,"minecraft:iron_sword":23,"minecraft:cooked_chicken":4,"minecraft:iron_chestplate":1,"minecraft:dirt":2,"minecraft:axolotl_bucket":1,"minecraft:iron_helmet":1,"minecraft:item_frame":1,"minecraft:furnace":2,"tombstone:gift":2,"minecraft:cooked_beef":10,"minecraft:wheat_seeds":4,"minecraft:cooked_mutton":2,"minecraft:stone_pickaxe":36,"minecraft:wooden_pickaxe":17,"minecraft:blue_bed":7,"minecraft:crafting_table":2,"minecraft:blast_furnace":4,"biomesoplenty:dead_planks":5,"minecraft:spruce_log":4,"minecraft:apple":8,"minecraft:firework_rocket":2,"minecraft:bread":20,"minecraft:iron_pickaxe":108,"minecraft:spruce_sapling":36,"minecraft:gravel":9,"minecraft:stone_axe":330,"minecraft:cobblestone":8,"minecraft:dark_oak_fence":1,"minecraft:bucket":1,"minecraft:pumpkin_pie":1,"biomesoplenty:dead_sapling":2},"minecraft:killed":{"alexsmobs:raccoon":1,"minecraft:spider":5,"minecraft:vindicator":2,"endermanoverhaul:dark_oak_enderman":1,"alexsmobs:bald_eagle":2,"minecraft:skeleton":4,"minecraft:chicken":4,"minecraft:pig":5,"minecraft:zombie_villager":1,"minecraft:sheep":3,"aquaculture:minnow":1,"minecraft:zombie":21,"alexsmobs:fly":1,"minecraft:cow":7}},"DataVersion":3465}