{"stats":{"minecraft:dropped":{"minecraft:iron_ingot":4,"minecraft:brown_mushroom":9,"biomesoplenty:dead_planks":167,"minecraft:moss_block":5,"minecraft:wheat_seeds":2,"minecraft:mossy_cobblestone":3,"minecraft:crafting_table":1,"minecraft:prismarine_crystals":6,"minecraft:iron_helmet":1,"minecraft:cobblestone":88,"minecraft:lantern":3,"minecraft:leather":8,"minecraft:mossy_cobblestone_wall":1,"minecraft:rail":10,"minecraft:grass_block":1,"minecraft:emerald":6,"minecraft:cobblestone_stairs":2,"minecraft:dirt":49,"minecraft:gray_wool":2,"minecraft:diorite":5,"minecraft:stone_button":2,"farmersdelight:organic_compost":1,"minecraft:cherry_planks":76,"minecraft:snowball":2,"minecraft:flowering_azalea":1,"minecraft:iron_pickaxe":1,"minecraft:mossy_cobblestone_stairs":2,"minecraft:white_wool":2,"alexsmobs:raccoon_tail":1,"minecraft:spruce_sapling":5,"minecraft:redstone":3,"minecraft:gold_ingot":5,"minecraft:stone_axe":1,"minecraft:moss_carpet":2,"minecraft:andesite_slab":1,"minecraft:rotten_flesh":16,"biomesoplenty:white_petals":4,"minecraft:cobblestone_slab":1,"minecraft:gunpowder":5,"minecraft:spruce_planks":785,"minecraft:iron_chestplate":1,"minecraft:andesite":3,"minecraft:andesite_stairs":1,"minecraft:spruce_wood":2,"minecraft:spider_eye":1,"minecraft:barrel":3,"minecraft:arrow":5,"minecraft:wooden_pickaxe":1,"minecraft:polished_granite":1,"minecraft:black_wool":1},"minecraft:custom":{"minecraft:mob_kills":65,"minecraft:interact_with_crafting_table":31,"minecraft:open_barrel":24,"minecraft:interact_with_campfire":17,"minecraft:bell_ring":15,"minecraft:leave_game":1,"minecraft:time_since_death":2426,"minecraft:climb_one_cm":1963,"minecraft:sprint_one_cm":432095,"minecraft:walk_one_cm":891776,"minecraft:damage_blocked_by_shield":1865,"minecraft:drop":86,"minecraft:talked_to_villager":21,"minecraft:play_time":229941,"minecraft:deaths":12,"minecraft:sneak_time":1774,"minecraft:walk_under_water_one_cm":24648,"minecraft:boat_one_cm":227809,"minecraft:jump":3798,"minecraft:interact_with_blast_furnace":55,"minecraft:walk_on_water_one_cm":36520,"minecraft:total_world_time":229941,"minecraft:interact_with_furnace":32,"spartanshields:shield_bash_hits":16,"tombstone:raider_killed":6,"minecraft:interact_with_cartography_table":1,"minecraft:interact_with_loom":1,"minecraft:sleep_in_bed":10,"minecraft:time_since_rest":1894,"minecraft:damage_taken":6356,"minecraft:player_kills":1,"minecraft:damage_dealt":11140,"minecraft:swim_one_cm":9474,"minecraft:fly_one_cm":621827,"minecraft:open_chest":107,"minecraft:crouch_one_cm":4023,"tombstone:undead_killed":29,"minecraft:interact_with_smoker":6,"minecraft:fall_one_cm":133066},"minecraft:picked_up":{"minecraft:mud":17,"minecraft:charcoal":3,"minecraft:iron_chestplate":1,"minecraft:crafting_table":2,"minecraft:wheat":4,"minecraft:chicken":4,"minecraft:clay_ball":48,"minecraft:brown_mushroom":9,"minecraft:chain":1,"minecraft:shield":1,"biomesoplenty:rainbow_birch_sapling":12,"minecraft:string":86,"minecraft:dead_tube_coral_block":2,"minecraft:moss_carpet":2,"minecraft:iron_axe":1,"minecraft:raw_copper":58,"minecraft:item_frame":1,"minecraft:armor_stand":2,"biomesoplenty:dead_sapling":5,"minecraft:cobbled_deepslate":39,"minecraft:spruce_planks":30,"minecraft:mossy_cobblestone_wall":1,"minecraft:beef":15,"minecraft:andesite_stairs":1,"minecraft:cobblestone_slab":1,"minecraft:iron_pickaxe":2,"alexsmobs:raccoon_tail":1,"minecraft:coal_block":1,"minecraft:sugar_cane":25,"minecraft:furnace":2,"minecraft:stick":39,"minecraft:raw_iron":82,"minecraft:torch":4,"minecraft:porkchop":13,"minecraft:cherry_log":19,"minecraft:stone_button":2,"tombstone:grave_dust":2,"minecraft:diorite":5,"minecraft:redstone":47,"minecraft:prismarine_crystals":6,"minecraft:arrow":8,"minecraft:rotten_flesh":25,"biomesoplenty:white_petals":4,"minecraft:mutton":7,"minecraft:snowball":2,"minecraft:rail":15,"minecraft:white_wool":2,"minecraft:cobblestone":114,"minecraft:birch_log":14,"minecraft:feather":6,"minecraft:cooked_beef":6,"minecraft:andesite":8,"minecraft:brown_wool":1,"minecraft:leather":15,"biomesoplenty:dead_log":43,"paraglider:spirit_orb":2,"minecraft:flint":4,"artifacts:cloud_in_a_bottle":1,"minecraft:cobblestone_stairs":2,"minecraft:lapis_lazuli":56,"minecraft:dirt":203,"minecraft:blue_bed":7,"minecraft:lantern":3,"minecraft:polished_granite":1,"farmersdelight:organic_compost":1,"minecraft:cooked_mutton":2,"minecraft:bone":2,"minecraft:wheat_seeds":13,"minecraft:raw_gold":25,"minecraft:spruce_wood":2,"minecraft:iron_ingot":1,"minecraft:cooked_chicken":4,"aquaculture:minnow":1,"minecraft:moss_block":5,"minecraft:flowering_azalea":1,"minecraft:book":3,"minecraft:cooked_porkchop":29,"minecraft:axolotl_bucket":1,"minecraft:raw_iron_block":4,"minecraft:gravel":13,"minecraft:barrel":3,"minecraft:spruce_sapling":41,"minecraft:blast_furnace":1,"minecraft:grass_block":1,"minecraft:white_bed":1,"minecraft:spruce_log":207,"minecraft:mossy_cobblestone":3,"minecraft:spider_eye":2,"minecraft:bundle":1,"minecraft:stone_axe":1,"minecraft:soul_lantern":1,"minecraft:iron_helmet":1,"minecraft:crossbow":1,"minecraft:gray_wool":2,"minecraft:mossy_cobblestone_stairs":2,"minecraft:spruce_sign":11,"minecraft:emerald":3,"minecraft:bread":22,"tombstone:magic_scroll":1,"minecraft:black_wool":1,"minecraft:dark_oak_fence":1,"minecraft:coal":73,"minecraft:andesite_slab":1,"minecraft:ender_pearl":1},"minecraft:broken":{"minecraft:stone_axe":1,"minecraft:stone_shovel":1},"minecraft:mined":{"minecraft:tuff":1,"minecraft:white_bed":1,"minecraft:mossy_cobblestone":3,"minecraft:andesite_stairs":1,"minecraft:cherry_log":19,"minecraft:cobblestone_stairs":2,"minecraft:sea_lantern":1,"minecraft:granite":1,"biomesoplenty:dead_leaves":9,"minecraft:dark_oak_fence":2,"minecraft:grass_block":120,"minecraft:dead_tube_coral_block":2,"biomesoplenty:white_petals":2,"minecraft:coal_block":1,"minecraft:spruce_leaves":31,"biomesoplenty:dead_grass":1,"minecraft:moss_block":5,"minecraft:spawner":1,"minecraft:large_fern":1,"minecraft:redstone_ore":5,"minecraft:raw_iron_block":4,"minecraft:furnace":1,"minecraft:mossy_cobblestone_stairs":3,"minecraft:iron_ore":59,"minecraft:snow":2,"minecraft:andesite":24,"minecraft:stripped_spruce_log":1,"minecraft:deepslate_lapis_ore":9,"minecraft:bookshelf":1,"minecraft:deepslate_iron_ore":24,"biomesoplenty:rainbow_birch_leaves":3,"minecraft:cobblestone_slab":1,"minecraft:spruce_wood":2,"minecraft:stone":118,"minecraft:podzol":15,"minecraft:deepslate_redstone_ore":8,"minecraft:flowering_azalea":1,"minecraft:brown_mushroom":8,"farmersdelight:organic_compost":1,"minecraft:polished_granite":1,"minecraft:powder_snow":75,"minecraft:clay":12,"minecraft:crafting_table":1,"minecraft:blast_furnace":1,"minecraft:emerald_ore":1,"minecraft:mossy_cobblestone_wall":1,"biomesoplenty:snowblossom_leaves":3,"minecraft:andesite_slab":1,"minecraft:campfire":1,"minecraft:copper_ore":16,"minecraft:tall_grass":2,"minecraft:cobblestone":13,"minecraft:deepslate_coal_ore":2,"minecraft:deepslate_gold_ore":22,"minecraft:lapis_ore":2,"minecraft:sugar_cane":11,"minecraft:wall_torch":1,"minecraft:diorite":10,"minecraft:blue_bed":7,"minecraft:chain":1,"minecraft:mud":18,"minecraft:birch_log":14,"minecraft:wheat":4,"minecraft:spruce_log":207,"minecraft:birch_leaves":1,"minecraft:grass":9,"biomesoplenty:dead_log":43,"minecraft:coal_ore":75,"minecraft:gravel":17,"minecraft:dirt":42,"minecraft:cobweb":82,"minecraft:gold_ore":4,"minecraft:deepslate":37,"minecraft:fern":23},"minecraft:crafted":{"minecraft:cherry_planks":76,"minecraft:raw_iron":36,"minecraft:coal":9,"minecraft:stone_shovel":2,"minecraft:leather_leggings":1,"spartanshields:wooden_tower_shield":1,"minecraft:cooked_mutton":7,"minecraft:iron_boots":1,"minecraft:iron_axe":1,"minecraft:stone_pickaxe":1,"minecraft:cooked_beef":4,"biomesoplenty:dead_planks":172,"spartanshields:iron_tower_shield":1,"minecraft:iron_helmet":1,"minecraft:crafting_table":1,"minecraft:spruce_planks":848,"minecraft:baked_potato":4,"minecraft:wooden_pickaxe":1,"minecraft:iron_sword":2,"minecraft:birch_planks":56,"minecraft:stone_axe":2,"minecraft:air":0,"simplyswords:iron_scythe":1,"minecraft:iron_chestplate":1,"minecraft:iron_pickaxe":2,"minecraft:shield":1,"minecraft:stick":24,"minecraft:iron_ingot":111,"pneumaticcraft:compressed_iron_leggings":1,"minecraft:gold_ingot":20,"minecraft:iron_shovel":2,"minecraft:stone_sword":2,"minecraft:spruce_fence_gate":3,"minecraft:torch":78},"minecraft:killed_by":{"minecraft:player":2,"minecraft:spider":1,"minecraft:vindicator":1,"minecraft:cave_spider":1,"minecraft:skeleton":2,"minecraft:zombie":2,"alexsmobs:grizzly_bear":1,"alexsmobs:moose":1},"minecraft:used":{"minecraft:stone_sword":258,"minecraft:stone_shovel":297,"minecraft:shield":26,"minecraft:iron_sword":137,"minecraft:torch":51,"minecraft:cooked_chicken":4,"minecraft:iron_chestplate":1,"minecraft:dirt":14,"biomesoplenty:snowblossom_sapling":10,"minecraft:axolotl_bucket":3,"minecraft:iron_helmet":1,"minecraft:item_frame":1,"simplyswords:iron_scythe":8,"minecraft:furnace":2,"tombstone:gift":2,"minecraft:cooked_beef":10,"minecraft:wheat_seeds":4,"minecraft:cooked_mutton":2,"minecraft:baked_potato":4,"minecraft:stone_pickaxe":36,"minecraft:sugar_cane":4,"minecraft:wooden_pickaxe":17,"minecraft:blue_bed":7,"spartanshields:iron_tower_shield":1,"biomesoplenty:rainbow_birch_sapling":12,"minecraft:crafting_table":2,"minecraft:blast_furnace":4,"biomesoplenty:dead_planks":5,"minecraft:spruce_log":4,"minecraft:apple":8,"minecraft:firework_rocket":2,"minecraft:bread":35,"minecraft:iron_pickaxe":419,"minecraft:spruce_sapling":36,"minecraft:gravel":9,"minecraft:stone_axe":350,"minecraft:cobblestone":10,"minecraft:cooked_porkchop":1,"minecraft:dark_oak_fence":1,"minecraft:bucket":2,"minecraft:pumpkin_pie":1,"biomesoplenty:dead_sapling":2},"minecraft:killed":{"minecraft:cave_spider":1,"minecraft:witch":1,"alexsmobs:raccoon":1,"minecraft:spider":6,"minecraft:vindicator":2,"endermanoverhaul:dark_oak_enderman":1,"alexsmobs:bald_eagle":2,"minecraft:skeleton":4,"minecraft:chicken":4,"minecraft:pig":5,"minecraft:zombie_villager":1,"minecraft:sheep":3,"minecraft:pillager":1,"aquaculture:minnow":1,"minecraft:zombie":24,"alexsmobs:fly":1,"minecraft:cow":7}},"DataVersion":3465}