{"stats":{"minecraft:dropped":{"biomesoplenty:fir_log":5,"biomesoplenty:umbran_planks":13,"minecraft:iron_sword":1,"minecraft:moss_block":5,"minecraft:brown_mushroom":9,"minecraft:porkchop":2,"minecraft:crafting_table":2,"minecraft:lantern":3,"minecraft:leather":9,"minecraft:iron_horse_armor":1,"minecraft:mossy_cobblestone_wall":1,"minecraft:rail":10,"farmersdelight:rice":9,"minecraft:cobblestone_stairs":2,"minecraft:emerald":6,"minecraft:stripped_warped_hyphae":11,"minecraft:dirt":49,"minecraft:stone_button":2,"minecraft:snowball":2,"minecraft:iron_pickaxe":2,"alexsmobs:raccoon_tail":1,"minecraft:white_wool":2,"minecraft:gold_ingot":5,"minecraft:stone_axe":1,"minecraft:wheat":3,"minecraft:andesite_slab":1,"minecraft:rotten_flesh":16,"biomesoplenty:white_petals":4,"minecraft:gunpowder":5,"minecraft:chest":9,"minecraft:spruce_wood":2,"minecraft:arrow":5,"minecraft:stone_brick_stairs":1,"minecraft:polished_granite":1,"minecraft:iron_ingot":4,"biomesoplenty:dead_planks":167,"minecraft:wheat_seeds":2,"minecraft:mossy_cobblestone":3,"minecraft:iron_helmet":1,"minecraft:cobblestone":88,"minecraft:prismarine_crystals":6,"minecraft:apple":12,"minecraft:grass_block":1,"minecraft:diamond_horse_armor":1,"minecraft:gray_wool":2,"minecraft:diorite":5,"farmersdelight:organic_compost":1,"minecraft:cherry_planks":76,"minecraft:flowering_azalea":1,"minecraft:mossy_cobblestone_stairs":2,"minecraft:paper":3,"minecraft:spruce_sapling":5,"minecraft:redstone":3,"minecraft:moss_carpet":2,"minecraft:sweet_berries":48,"minecraft:potato":18,"minecraft:cobblestone_slab":1,"simplyswords:iron_scythe":1,"biomesoplenty:fir_planks":3,"minecraft:spruce_planks":785,"minecraft:iron_chestplate":1,"minecraft:andesite":3,"minecraft:oak_sapling":2,"minecraft:andesite_stairs":1,"minecraft:stone_bricks":4,"minecraft:barrel":13,"minecraft:spider_eye":1,"minecraft:bow":1,"minecraft:wooden_pickaxe":1,"minecraft:black_wool":1},"minecraft:custom":{"minecraft:interact_with_crafting_table":36,"minecraft:open_barrel":29,"minecraft:bell_ring":15,"minecraft:leave_game":1,"minecraft:time_since_death":252,"minecraft:sprint_one_cm":521992,"minecraft:damage_blocked_by_shield":3545,"minecraft:drop":130,"minecraft:talked_to_villager":22,"minecraft:play_time":301941,"minecraft:deaths":22,"minecraft:jump":5058,"minecraft:walk_on_water_one_cm":44669,"minecraft:interact_with_furnace":32,"minecraft:interact_with_cartography_table":1,"minecraft:interact_with_loom":1,"minecraft:sleep_in_bed":12,"minecraft:damage_dealt":16301,"minecraft:player_kills":2,"minecraft:crouch_one_cm":4739,"tombstone:undead_killed":37,"minecraft:interact_with_smoker":7,"minecraft:mob_kills":91,"minecraft:interact_with_campfire":17,"minecraft:climb_one_cm":1963,"minecraft:walk_one_cm":1163057,"minecraft:sneak_time":2146,"minecraft:walk_under_water_one_cm":39273,"minecraft:boat_one_cm":498116,"minecraft:interact_with_blast_furnace":55,"minecraft:total_world_time":301941,"spartanshields:shield_bash_hits":16,"tombstone:raider_killed":14,"minecraft:time_since_rest":84,"minecraft:damage_taken":10317,"minecraft:swim_one_cm":15131,"minecraft:fly_one_cm":1109875,"minecraft:open_chest":128,"minecraft:fall_one_cm":266367},"minecraft:picked_up":{"minecraft:iron_chestplate":1,"minecraft:wheat":7,"minecraft:stone_brick_stairs":1,"biomesoplenty:rainbow_birch_sapling":12,"minecraft:raw_copper":58,"minecraft:dead_tube_coral_block":2,"minecraft:string":86,"minecraft:armor_stand":2,"biomesoplenty:dead_sapling":5,"minecraft:gold_nugget":2,"minecraft:cobbled_deepslate":39,"minecraft:spruce_planks":30,"minecraft:cobblestone_slab":1,"minecraft:iron_pickaxe":3,"alexsmobs:raccoon_tail":1,"minecraft:coal_block":1,"minecraft:furnace":2,"minecraft:stick":47,"minecraft:torch":5,"minecraft:porkchop":15,"minecraft:cherry_log":91,"tombstone:grave_dust":2,"minecraft:diorite":5,"minecraft:cauldron":1,"minecraft:rotten_flesh":25,"biomesoplenty:white_petals":4,"minecraft:snowball":2,"minecraft:cobblestone":116,"minecraft:birch_log":14,"minecraft:cooked_beef":6,"minecraft:feather":6,"farmersdelight:rice":9,"minecraft:andesite":8,"minecraft:brown_wool":1,"minecraft:potato":18,"biomesoplenty:dead_log":43,"biomesoplenty:fir_log":8,"paraglider:spirit_orb":10,"minecraft:flint":4,"minecraft:dirt":218,"minecraft:lapis_lazuli":56,"minecraft:lantern":3,"minecraft:polished_granite":1,"biomesoplenty:snowblossom_sapling":22,"minecraft:bone":25,"minecraft:bow":1,"minecraft:wheat_seeds":13,"biomesoplenty:fir_boat":3,"minecraft:raw_gold":25,"minecraft:moss_block":5,"minecraft:cooked_porkchop":29,"minecraft:axolotl_bucket":1,"minecraft:grass_block":1,"minecraft:barrel":13,"minecraft:mossy_cobblestone":3,"minecraft:bundle":1,"minecraft:spruce_fence_gate":5,"minecraft:soul_lantern":1,"minecraft:crossbow":1,"minecraft:spruce_sign":11,"minecraft:bread":25,"minecraft:emerald":11,"minecraft:oak_sapling":2,"minecraft:dark_oak_fence":1,"minecraft:andesite_slab":1,"minecraft:charcoal":3,"minecraft:mud":17,"minecraft:crafting_table":3,"minecraft:stripped_warped_hyphae":9,"minecraft:chicken":4,"minecraft:clay_ball":48,"minecraft:brown_mushroom":9,"minecraft:diamond_horse_armor":1,"minecraft:chain":1,"minecraft:shield":1,"minecraft:moss_carpet":2,"minecraft:iron_axe":1,"minecraft:item_frame":1,"minecraft:mossy_cobblestone_wall":1,"minecraft:beef":15,"minecraft:andesite_stairs":1,"minecraft:lectern":1,"minecraft:sugar_cane":26,"minecraft:chest":9,"minecraft:raw_iron":82,"minecraft:spruce_fence":4,"minecraft:stone_button":2,"minecraft:redstone":47,"minecraft:prismarine_crystals":6,"minecraft:iron_horse_armor":1,"minecraft:arrow":34,"simplyswords:iron_scythe":1,"minecraft:gold_ingot":5,"minecraft:mutton":7,"minecraft:skeleton_skull":1,"minecraft:white_wool":4,"minecraft:rail":15,"minecraft:leather":16,"minecraft:cobblestone_stairs":2,"artifacts:cloud_in_a_bottle":1,"minecraft:blue_bed":7,"minecraft:paper":6,"minecraft:cooked_mutton":2,"farmersdelight:organic_compost":1,"minecraft:apple":9,"minecraft:stone_bricks":4,"minecraft:spruce_wood":2,"minecraft:iron_ingot":1,"minecraft:cooked_chicken":4,"aquaculture:minnow":1,"biomesoplenty:umbran_log":4,"minecraft:iron_sword":1,"minecraft:flowering_azalea":1,"minecraft:book":52,"minecraft:sweet_berries":96,"minecraft:raw_iron_block":4,"minecraft:gravel":13,"minecraft:blast_furnace":1,"minecraft:spruce_sapling":41,"minecraft:white_bed":1,"minecraft:spruce_log":207,"minecraft:spider_eye":2,"minecraft:stone_axe":1,"minecraft:iron_helmet":1,"minecraft:mossy_cobblestone_stairs":2,"minecraft:gray_wool":2,"tombstone:magic_scroll":1,"minecraft:black_wool":1,"minecraft:coal":81,"minecraft:ender_pearl":1},"minecraft:broken":{"minecraft:stone_axe":1,"minecraft:stone_shovel":1},"minecraft:mined":{"minecraft:white_bed":1,"minecraft:andesite_stairs":1,"minecraft:cobblestone_stairs":2,"minecraft:cherry_log":91,"biomesoplenty:dead_leaves":9,"minecraft:granite":1,"minecraft:grass_block":123,"minecraft:dead_tube_coral_block":2,"minecraft:coal_block":1,"minecraft:stripped_warped_hyphae":8,"minecraft:spawner":3,"minecraft:raw_iron_block":4,"minecraft:mossy_cobblestone_stairs":3,"minecraft:iron_ore":59,"minecraft:barrel":9,"minecraft:deepslate_lapis_ore":9,"diagonalfences:minecraft/spruce_fence":1,"minecraft:water_cauldron":1,"minecraft:black_candle":1,"minecraft:spruce_wood":2,"minecraft:deepslate_redstone_ore":8,"minecraft:brown_mushroom":8,"minecraft:red_bed":1,"farmersdelight:organic_compost":1,"minecraft:powder_snow":75,"minecraft:clay":12,"minecraft:blast_furnace":1,"minecraft:mossy_cobblestone_wall":1,"minecraft:chest":9,"minecraft:cobblestone":13,"minecraft:sugar_cane":12,"minecraft:wall_torch":1,"minecraft:skeleton_skull":1,"minecraft:chain":1,"minecraft:mud":18,"minecraft:birch_log":14,"minecraft:wheat":4,"minecraft:stone_brick_stairs":1,"biomesoplenty:umbran_log":4,"biomesoplenty:fir_log":8,"minecraft:grass":13,"biomesoplenty:dead_log":43,"minecraft:loom":2,"minecraft:dirt":54,"minecraft:deepslate":37,"minecraft:tuff":1,"minecraft:mossy_cobblestone":3,"minecraft:sea_lantern":1,"minecraft:dark_oak_fence":2,"minecraft:spruce_fence":3,"biomesoplenty:white_petals":2,"minecraft:redstone_wire":2,"minecraft:spruce_leaves":37,"biomesoplenty:dead_grass":1,"minecraft:moss_block":5,"minecraft:large_fern":1,"minecraft:redstone_ore":5,"minecraft:furnace":1,"minecraft:snow":2,"minecraft:andesite":24,"minecraft:stripped_spruce_log":1,"minecraft:bookshelf":16,"minecraft:cobblestone_slab":1,"biomesoplenty:rainbow_birch_leaves":3,"minecraft:deepslate_iron_ore":25,"minecraft:stone":120,"minecraft:podzol":15,"minecraft:flowering_azalea":1,"minecraft:polished_granite":1,"minecraft:crafting_table":2,"minecraft:emerald_ore":1,"biomesoplenty:snowblossom_leaves":37,"minecraft:andesite_slab":1,"minecraft:lectern":1,"minecraft:campfire":1,"minecraft:tall_grass":3,"minecraft:copper_ore":16,"minecraft:deepslate_coal_ore":2,"minecraft:lapis_ore":2,"minecraft:deepslate_gold_ore":22,"minecraft:diorite":10,"minecraft:blue_bed":7,"minecraft:spruce_stairs":1,"minecraft:sweet_berry_bush":21,"minecraft:spruce_log":207,"minecraft:birch_leaves":1,"minecraft:coal_ore":79,"minecraft:gravel":17,"minecraft:cobweb":82,"minecraft:spruce_fence_gate":8,"minecraft:stone_bricks":1,"minecraft:gold_ore":4,"minecraft:fern":24},"minecraft:crafted":{"spartanshields:wooden_tower_shield":1,"minecraft:cooked_mutton":7,"minecraft:iron_boots":1,"minecraft:crafting_table":2,"minecraft:spruce_planks":848,"minecraft:wooden_pickaxe":1,"minecraft:baked_potato":4,"spartanshields:iron_tower_shield":1,"minecraft:iron_helmet":1,"minecraft:birch_planks":56,"simplyswords:iron_scythe":1,"biomesoplenty:fir_planks":10,"minecraft:iron_chestplate":1,"minecraft:shield":1,"minecraft:stick":76,"minecraft:iron_ingot":111,"minecraft:iron_pickaxe":2,"minecraft:stone_sword":2,"minecraft:gold_ingot":20,"minecraft:spruce_fence_gate":10,"minecraft:cherry_planks":364,"minecraft:stone_shovel":2,"minecraft:raw_iron":36,"minecraft:coal":9,"minecraft:leather_leggings":1,"minecraft:spruce_fence":9,"minecraft:iron_axe":1,"minecraft:stone_pickaxe":1,"minecraft:cooked_beef":4,"biomesoplenty:umbran_planks":16,"biomesoplenty:dead_planks":172,"biomesoplenty:fir_boat":1,"minecraft:iron_sword":2,"minecraft:stone_axe":2,"minecraft:air":0,"pneumaticcraft:compressed_iron_leggings":1,"minecraft:iron_shovel":2,"minecraft:torch":94},"minecraft:killed_by":{"minecraft:vindicator":7,"minecraft:cave_spider":1,"minecraft:zombie":3,"alexsmobs:grizzly_bear":1,"minecraft:vex":1,"minecraft:player":2,"minecraft:spider":1,"minecraft:skeleton":4,"alexsmobs:moose":1},"minecraft:used":{"minecraft:iron_shovel":17,"minecraft:shield":26,"minecraft:iron_sword":215,"minecraft:iron_chestplate":1,"minecraft:axolotl_bucket":3,"minecraft:iron_helmet":1,"minecraft:item_frame":1,"simplyswords:iron_scythe":62,"minecraft:furnace":2,"minecraft:stone_pickaxe":36,"biomesoplenty:fir_boat":3,"minecraft:wooden_pickaxe":17,"minecraft:blue_bed":7,"minecraft:sugar_cane":4,"biomesoplenty:rainbow_birch_sapling":12,"minecraft:blast_furnace":4,"biomesoplenty:dead_planks":5,"biomesoplenty:umbran_planks":3,"minecraft:firework_rocket":2,"minecraft:bread":35,"minecraft:gravel":9,"minecraft:dark_oak_fence":1,"minecraft:stone_sword":258,"minecraft:stone_shovel":297,"minecraft:cooked_chicken":4,"minecraft:torch":51,"minecraft:dirt":21,"biomesoplenty:snowblossom_sapling":32,"minecraft:spruce_fence":6,"minecraft:iron_axe":196,"tombstone:gift":2,"minecraft:cooked_beef":10,"minecraft:wheat_seeds":4,"minecraft:cooked_mutton":2,"minecraft:baked_potato":4,"minecraft:spruce_fence_gate":8,"spartanshields:iron_tower_shield":24,"minecraft:crafting_table":3,"minecraft:spruce_log":4,"minecraft:apple":8,"minecraft:iron_pickaxe":434,"minecraft:spruce_sapling":36,"minecraft:stone_axe":350,"minecraft:cobblestone":10,"minecraft:cooked_porkchop":16,"minecraft:bucket":3,"minecraft:pumpkin_pie":1,"biomesoplenty:dead_sapling":2},"minecraft:killed":{"minecraft:cave_spider":1,"minecraft:witch":1,"minecraft:spider":9,"endermanoverhaul:dark_oak_enderman":1,"alexsmobs:bald_eagle":2,"minecraft:skeleton":12,"minecraft:chicken":4,"minecraft:pig":6,"minecraft:zombie_villager":1,"minecraft:sheep":3,"minecraft:trader_llama":1,"minecraft:pillager":8,"aquaculture:minnow":1,"minecraft:zombie":24,"alexsmobs:fly":1,"minecraft:cow":7,"minecraft:vex":3,"alexsmobs:raccoon":1,"minecraft:vindicator":3,"creeperoverhaul:snowy_creeper":1}},"DataVersion":3465}